counselling_body,institute_type,college_name,branch_name,college_id,branch_id,category,quota,seat_pool,year,round_number,opening_rank,closing_rank
JOSAA,IIIT,NIT WARANGAL,MECHANICAL,4,4,EWS,OS,FEMALE-ONLY,2023,3,29390,31248
CSAB,GFTI,NIT TRICHY,COMPUTER SCIENCE,2,2,OPEN,HS,GENDER-NEUTRAL,2023,4,16116,20524
JOSAA,NIT,NIT TRICHY,CIVIL,5,3,SC,AI,GENDER-NEUTRAL,2023,3,32212,35665
JOSAA,NIT,NIT TRICHY,ELECTRICAL,3,1,SC,HS,GENDER-NEUTRAL,2023,5,28613,32849
JOSAA,NIT,NIT SURATHKAL,CIVIL,9,1,ST,HS,GENDER-NEUTRAL,2022,5,3056,7851
CSAB,NIT,NIT WARANGAL,ELECTRICAL,4,4,EWS,AI,GENDER-NEUTRAL,2021,5,8177,11615
JOSAA,NIT,NIT TRICHY,MECHANICAL,6,3,OBC-NCL,OS,GENDER-NEUTRAL,2023,2,36590,39278
JOSAA,NIT,NIT WARANGAL,COMPUTER SCIENCE,2,2,OPEN,HS,FEMALE-ONLY,2023,3,44927,46809
JOSAA,NIT,NIT SURATHKAL,ELECTRICAL,6,4,OPEN,AI,FEMALE-ONLY,2021,2,37955,41575
CSAB,IIIT,NIT TRICHY,ELECTRICAL,3,3,EWS,OS,FEMALE-ONLY,2021,4,43206,45085
JOSAA,GFTI,IIIT HYDERABAD,ELECTRICAL,9,3,ST,AI,FEMALE-ONLY,2021,2,35038,38270
JOSAA,NIT,NIT SURATHKAL,ELECTRICAL,2,2,ST,HS,FEMALE-ONLY,2021,4,36259,39932
JOSAA,IIIT,IIIT HYDERABAD,COMPUTER SCIENCE,9,4,EWS,OS,FEMALE-ONLY,2021,4,39810,43128
JOSAA,IIIT,NIT WARANGAL,COMPUTER SCIENCE,5,3,ST,OS,GENDER-NEUTRAL,2021,4,18100,21957
CSAB,GFTI,NIT WARANGAL,MECHANICAL,8,3,OPEN,AI,FEMALE-ONLY,2022,6,13906,18022
JOSAA,NIT,NIT SURATHKAL,COMPUTER SCIENCE,2,3,OPEN,AI,GENDER-NEUTRAL,2021,2,47660,50597
CSAB,GFTI,NIT WARANGAL,ELECTRICAL,6,2,OBC-NCL,AI,GENDER-NEUTRAL,2021,6,12909,15390
CSAB,NIT,IIIT HYDERABAD,MECHANICAL,3,4,EWS,OS,FEMALE-ONLY,2022,3,14955,19294
CSAB,IIIT,NIT TRICHY,MECHANICAL,5,4,SC,OS,FEMALE-ONLY,2021,2,41976,46012
JOSAA,IIIT,NIT TRICHY,MECHANICAL,8,4,SC,HS,FEMALE-ONLY,2023,3,29488,34016
CSAB,IIIT,NIT TRICHY,ELECTRICAL,1,4,OBC-NCL,OS,FEMALE-ONLY,2023,3,6558,8077
JOSAA,IIIT,NIT SURATHKAL,CIVIL,5,1,OBC-NCL,HS,FEMALE-ONLY,2021,4,35624,39874
CSAB,GFTI,NIT WARANGAL,ELECTRICAL,3,1,ST,AI,FEMALE-ONLY,2022,2,6953,8383
CSAB,NIT,IIIT HYDERABAD,COMPUTER SCIENCE,4,4,OBC-NCL,AI,FEMALE-ONLY,2023,3,40577,43594
CSAB,NIT,NIT WARANGAL,COMPUTER SCIENCE,2,2,OBC-NCL,OS,GENDER-NEUTRAL,2022,5,32322,33868
CSAB,GFTI,NIT WARANGAL,ELECTRICAL,9,1,SC,AI,FEMALE-ONLY,2023,3,18420,19960
CSAB,NIT,NIT WARANGAL,ELECTRICAL,3,3,ST,AI,FEMALE-ONLY,2021,5,28718,32562
CSAB,IIIT,NIT TRICHY,MECHANICAL,2,1,OBC-NCL,OS,GENDER-NEUTRAL,2022,2,45715,48659
CSAB,NIT,IIIT HYDERABAD,ELECTRICAL,9,3,OBC-NCL,HS,FEMALE-ONLY,2022,6,17452,21727
CSAB,IIIT,IIIT HYDERABAD,MECHANICAL,7,4,ST,OS,FEMALE-ONLY,2022,2,7397,8361
JOSAA,GFTI,NIT WARANGAL,COMPUTER SCIENCE,6,1,EWS,HS,GENDER-NEUTRAL,2023,6,28040,28611
JOSAA,NIT,NIT TRICHY,MECHANICAL,1,2,ST,OS,FEMALE-ONLY,2023,6,49124,50726
CSAB,GFTI,NIT TRICHY,ELECTRICAL,5,1,SC,OS,FEMALE-ONLY,2023,2,3303,8087
CSAB,NIT,IIIT HYDERABAD,COMPUTER SCIENCE,3,1,EWS,AI,FEMALE-ONLY,2021,3,39367,40877
CSAB,IIIT,NIT TRICHY,CIVIL,1,1,OPEN,OS,FEMALE-ONLY,2023,1,38041,41911
JOSAA,GFTI,NIT TRICHY,MECHANICAL,4,4,ST,OS,FEMALE-ONLY,2021,3,17373,19378
CSAB,NIT,NIT TRICHY,COMPUTER SCIENCE,2,2,SC,HS,FEMALE-ONLY,2022,3,25468,30227
JOSAA,IIIT,NIT SURATHKAL,MECHANICAL,2,1,EWS,AI,GENDER-NEUTRAL,2022,4,11750,15851
JOSAA,GFTI,NIT WARANGAL,COMPUTER SCIENCE,3,2,ST,HS,FEMALE-ONLY,2021,4,31084,34688
JOSAA,GFTI,IIIT HYDERABAD,COMPUTER SCIENCE,8,4,OBC-NCL,HS,FEMALE-ONLY,2023,3,42041,45624
JOSAA,NIT,IIIT HYDERABAD,MECHANICAL,8,3,ST,AI,GENDER-NEUTRAL,2021,5,7482,12144
JOSAA,NIT,NIT SURATHKAL,CIVIL,7,1,OPEN,AI,GENDER-NEUTRAL,2022,6,901,1599
CSAB,NIT,NIT WARANGAL,COMPUTER SCIENCE,6,2,ST,AI,FEMALE-ONLY,2022,4,41102,42193
CSAB,IIIT,IIIT HYDERABAD,COMPUTER SCIENCE,9,2,EWS,OS,GENDER-NEUTRAL,2021,3,46765,48797
CSAB,NIT,NIT TRICHY,COMPUTER SCIENCE,4,4,EWS,AI,FEMALE-ONLY,2023,1,48065,50949
CSAB,GFTI,IIIT HYDERABAD,CIVIL,1,1,ST,AI,FEMALE-ONLY,2023,5,19833,22974
CSAB,GFTI,NIT TRICHY,CIVIL,8,3,EWS,AI,GENDER-NEUTRAL,2021,2,10069,10235
JOSAA,NIT,NIT SURATHKAL,ELECTRICAL,7,2,OBC-NCL,HS,FEMALE-ONLY,2021,3,36069,39567
CSAB,NIT,NIT TRICHY,MECHANICAL,7,1,ST,HS,FEMALE-ONLY,2023,3,16833,19683
CSAB,GFTI,IIIT HYDERABAD,CIVIL,3,3,OBC-NCL,OS,GENDER-NEUTRAL,2022,6,32549,33118
JOSAA,IIIT,IIIT HYDERABAD,MECHANICAL,4,2,OBC-NCL,HS,GENDER-NEUTRAL,2021,5,26243,28067
CSAB,NIT,IIIT HYDERABAD,ELECTRICAL,9,2,SC,OS,GENDER-NEUTRAL,2023,4,25805,29890
JOSAA,NIT,NIT SURATHKAL,MECHANICAL,6,3,ST,HS,GENDER-NEUTRAL,2023,4,28463,30194
CSAB,GFTI,NIT SURATHKAL,CIVIL,5,3,EWS,AI,FEMALE-ONLY,2022,4,30820,31694
JOSAA,NIT,NIT WARANGAL,MECHANICAL,3,4,OBC-NCL,HS,GENDER-NEUTRAL,2022,2,10072,13184
CSAB,IIIT,IIIT HYDERABAD,CIVIL,9,1,SC,OS,GENDER-NEUTRAL,2022,5,33451,36054
CSAB,GFTI,NIT TRICHY,MECHANICAL,5,1,ST,HS,GENDER-NEUTRAL,2022,5,45587,47173
JOSAA,NIT,NIT SURATHKAL,CIVIL,5,4,ST,AI,GENDER-NEUTRAL,2022,4,36245,40364
JOSAA,GFTI,IIIT HYDERABAD,CIVIL,4,2,OPEN,OS,GENDER-NEUTRAL,2021,4,22512,26839
JOSAA,NIT,IIIT HYDERABAD,MECHANICAL,4,3,OPEN,AI,FEMALE-ONLY,2023,6,24178,25207
JOSAA,NIT,NIT SURATHKAL,ELECTRICAL,1,3,OBC-NCL,AI,GENDER-NEUTRAL,2021,1,22680,25792
JOSAA,NIT,NIT WARANGAL,COMPUTER SCIENCE,7,3,OPEN,OS,FEMALE-ONLY,2021,1,14955,16560
JOSAA,IIIT,NIT SURATHKAL,ELECTRICAL,9,2,OBC-NCL,AI,GENDER-NEUTRAL,2021,3,36269,41098
JOSAA,IIIT,NIT SURATHKAL,MECHANICAL,3,3,EWS,AI,GENDER-NEUTRAL,2021,3,46504,49548
JOSAA,GFTI,NIT TRICHY,ELECTRICAL,2,3,OBC-NCL,HS,GENDER-NEUTRAL,2021,5,19669,22588
CSAB,NIT,NIT TRICHY,CIVIL,3,4,OPEN,AI,GENDER-NEUTRAL,2022,5,48606,49890
CSAB,NIT,NIT WARANGAL,COMPUTER SCIENCE,1,2,EWS,AI,GENDER-NEUTRAL,2022,2,25838,26226
JOSAA,IIIT,IIIT HYDERABAD,MECHANICAL,6,1,OPEN,AI,GENDER-NEUTRAL,2023,2,6872,8783
CSAB,NIT,NIT SURATHKAL,MECHANICAL,7,4,OBC-NCL,AI,GENDER-NEUTRAL,2021,1,24974,25601
CSAB,IIIT,NIT WARANGAL,MECHANICAL,2,4,SC,OS,GENDER-NEUTRAL,2023,3,19831,20847
CSAB,NIT,NIT TRICHY,COMPUTER SCIENCE,8,1,ST,HS,FEMALE-ONLY,2022,1,10231,12039
CSAB,GFTI,NIT SURATHKAL,CIVIL,6,4,OPEN,AI,GENDER-NEUTRAL,2022,1,888,4562
JOSAA,NIT,IIIT HYDERABAD,MECHANICAL,4,2,OBC-NCL,AI,FEMALE-ONLY,2022,3,16284,19703
CSAB,NIT,NIT TRICHY,ELECTRICAL,5,3,EWS,OS,GENDER-NEUTRAL,2021,2,30997,32503
JOSAA,IIIT,NIT TRICHY,MECHANICAL,8,2,OPEN,AI,FEMALE-ONLY,2021,6,2989,4330
CSAB,NIT,NIT TRICHY,MECHANICAL,3,1,OPEN,OS,GENDER-NEUTRAL,2022,6,9669,12902
CSAB,NIT,NIT WARANGAL,MECHANICAL,3,1,ST,HS,GENDER-NEUTRAL,2023,6,21757,22655
CSAB,IIIT,IIIT HYDERABAD,MECHANICAL,4,4,OBC-NCL,HS,GENDER-NEUTRAL,2023,3,10241,11864
JOSAA,GFTI,NIT SURATHKAL,CIVIL,1,2,SC,AI,FEMALE-ONLY,2022,4,19756,23963
CSAB,GFTI,NIT WARANGAL,ELECTRICAL,9,2,EWS,AI,FEMALE-ONLY,2023,4,21718,24706
JOSAA,IIIT,NIT WARANGAL,CIVIL,8,1,OBC-NCL,AI,FEMALE-ONLY,2022,4,12034,14824
CSAB,IIIT,NIT WARANGAL,ELECTRICAL,8,2,EWS,OS,FEMALE-ONLY,2023,5,42637,46828
JOSAA,IIIT,NIT TRICHY,MECHANICAL,6,1,OPEN,AI,GENDER-NEUTRAL,2022,2,23386,24727
CSAB,IIIT,IIIT HYDERABAD,COMPUTER SCIENCE,7,2,ST,AI,GENDER-NEUTRAL,2023,2,7712,8502
JOSAA,IIIT,NIT WARANGAL,CIVIL,6,2,ST,HS,GENDER-NEUTRAL,2021,5,32169,32796
JOSAA,GFTI,NIT SURATHKAL,COMPUTER SCIENCE,9,2,SC,AI,FEMALE-ONLY,2022,1,16305,17900
CSAB,GFTI,IIIT HYDERABAD,CIVIL,3,1,ST,HS,GENDER-NEUTRAL,2022,6,27431,31356
JOSAA,IIIT,NIT SURATHKAL,MECHANICAL,3,4,OPEN,AI,FEMALE-ONLY,2023,4,14034,17027
CSAB,NIT,IIIT HYDERABAD,CIVIL,3,2,SC,HS,FEMALE-ONLY,2022,6,10195,11187
CSAB,IIIT,NIT SURATHKAL,MECHANICAL,3,1,OBC-NCL,AI,FEMALE-ONLY,2022,4,26058,26544
CSAB,NIT,NIT TRICHY,CIVIL,9,1,ST,HS,FEMALE-ONLY,2022,6,37108,38457
CSAB,IIIT,NIT WARANGAL,MECHANICAL,4,2,SC,OS,FEMALE-ONLY,2021,1,18806,21434
CSAB,IIIT,NIT SURATHKAL,MECHANICAL,7,2,OPEN,HS,GENDER-NEUTRAL,2021,6,43616,48219
CSAB,GFTI,IIIT HYDERABAD,ELECTRICAL,9,4,EWS,HS,FEMALE-ONLY,2023,6,38166,41794
CSAB,NIT,NIT WARANGAL,MECHANICAL,7,1,EWS,HS,FEMALE-ONLY,2021,3,31572,32569
CSAB,NIT,NIT WARANGAL,ELECTRICAL,9,1,OPEN,AI,GENDER-NEUTRAL,2023,6,34729,35539
CSAB,GFTI,IIIT HYDERABAD,MECHANICAL,3,3,OPEN,AI,FEMALE-ONLY,2021,3,47010,50805
CSAB,GFTI,NIT SURATHKAL,COMPUTER SCIENCE,4,1,EWS,AI,FEMALE-ONLY,2023,2,23104,25890
CSAB,GFTI,NIT TRICHY,MECHANICAL,8,4,SC,OS,GENDER-NEUTRAL,2021,5,20531,25143
JOSAA,GFTI,NIT TRICHY,COMPUTER SCIENCE,6,3,EWS,OS,GENDER-NEUTRAL,2021,6,40188,40703
JOSAA,NIT,NIT SURATHKAL,COMPUTER SCIENCE,5,3,OPEN,HS,GENDER-NEUTRAL,2023,2,44235,45806
CSAB,NIT,NIT WARANGAL,MECHANICAL,4,3,ST,OS,FEMALE-ONLY,2022,3,38115,42395
CSAB,IIIT,NIT WARANGAL,COMPUTER SCIENCE,8,2,OBC-NCL,HS,GENDER-NEUTRAL,2022,6,34602,38964
CSAB,IIIT,NIT WARANGAL,ELECTRICAL,1,2,ST,HS,GENDER-NEUTRAL,2021,6,31485,34016
CSAB,GFTI,NIT WARANGAL,CIVIL,9,1,ST,HS,GENDER-NEUTRAL,2023,1,4763,7378
CSAB,GFTI,NIT SURATHKAL,MECHANICAL,1,3,OPEN,OS,FEMALE-ONLY,2022,2,38777,39972
CSAB,GFTI,NIT WARANGAL,COMPUTER SCIENCE,8,4,EWS,AI,GENDER-NEUTRAL,2023,4,12918,13827
CSAB,IIIT,IIIT HYDERABAD,MECHANICAL,4,2,SC,OS,FEMALE-ONLY,2022,4,22786,25930
CSAB,IIIT,NIT WARANGAL,ELECTRICAL,9,4,ST,HS,FEMALE-ONLY,2023,1,24077,25169
JOSAA,IIIT,NIT TRICHY,MECHANICAL,5,4,EWS,HS,GENDER-NEUTRAL,2021,3,49932,51313
CSAB,IIIT,NIT WARANGAL,MECHANICAL,3,2,SC,OS,FEMALE-ONLY,2023,4,41031,45501
JOSAA,IIIT,NIT SURATHKAL,COMPUTER SCIENCE,9,2,ST,HS,FEMALE-ONLY,2022,4,18554,20427
CSAB,IIIT,NIT TRICHY,ELECTRICAL,9,2,SC,HS,GENDER-NEUTRAL,2021,5,13458,17119
CSAB,IIIT,NIT SURATHKAL,CIVIL,4,2,EWS,OS,FEMALE-ONLY,2023,2,6768,10684
JOSAA,GFTI,NIT SURATHKAL,CIVIL,4,3,OBC-NCL,OS,GENDER-NEUTRAL,2022,3,45884,47740
CSAB,GFTI,NIT TRICHY,COMPUTER SCIENCE,8,3,EWS,OS,FEMALE-ONLY,2021,6,40869,43342
JOSAA,GFTI,NIT SURATHKAL,MECHANICAL,2,3,OPEN,HS,FEMALE-ONLY,2023,2,10021,12697
CSAB,GFTI,NIT SURATHKAL,COMPUTER SCIENCE,9,3,SC,HS,GENDER-NEUTRAL,2022,3,35059,36050
CSAB,IIIT,NIT WARANGAL,COMPUTER SCIENCE,6,1,OBC-NCL,AI,GENDER-NEUTRAL,2023,4,32428,36712
JOSAA,NIT,IIIT HYDERABAD,COMPUTER SCIENCE,9,3,SC,AI,FEMALE-ONLY,2023,5,8959,9766
CSAB,IIIT,NIT SURATHKAL,MECHANICAL,8,2,SC,OS,FEMALE-ONLY,2021,2,24070,26567
JOSAA,NIT,NIT SURATHKAL,ELECTRICAL,7,4,ST,AI,GENDER-NEUTRAL,2021,4,8972,13554
CSAB,GFTI,NIT SURATHKAL,COMPUTER SCIENCE,1,3,OPEN,HS,FEMALE-ONLY,2022,3,19330,21564
JOSAA,IIIT,NIT WARANGAL,MECHANICAL,3,1,SC,AI,FEMALE-ONLY,2021,2,26808,29262
JOSAA,GFTI,IIIT HYDERABAD,ELECTRICAL,2,2,EWS,HS,FEMALE-ONLY,2022,6,18947,23582
CSAB,IIIT,NIT TRICHY,COMPUTER SCIENCE,5,4,EWS,OS,FEMALE-ONLY,2023,2,27205,28281
CSAB,GFTI,NIT WARANGAL,CIVIL,5,4,ST,OS,GENDER-NEUTRAL,2023,4,5022,5856
JOSAA,NIT,NIT WARANGAL,ELECTRICAL,5,3,OPEN,HS,GENDER-NEUTRAL,2022,2,4492,7060
CSAB,NIT,IIIT HYDERABAD,COMPUTER SCIENCE,4,4,OPEN,AI,GENDER-NEUTRAL,2023,6,13641,16281
CSAB,NIT,IIIT HYDERABAD,ELECTRICAL,5,3,EWS,OS,GENDER-NEUTRAL,2021,5,19651,20383
CSAB,IIIT,NIT WARANGAL,ELECTRICAL,3,3,OBC-NCL,OS,GENDER-NEUTRAL,2023,5,19481,23849
JOSAA,NIT,NIT TRICHY,ELECTRICAL,1,2,ST,AI,GENDER-NEUTRAL,2021,4,47883,52082
JOSAA,IIIT,NIT WARANGAL,ELECTRICAL,5,2,ST,AI,FEMALE-ONLY,2022,3,36095,39096
JOSAA,NIT,IIIT HYDERABAD,ELECTRICAL,9,1,EWS,HS,GENDER-NEUTRAL,2022,4,23048,24811
JOSAA,NIT,NIT TRICHY,ELECTRICAL,9,2,EWS,AI,FEMALE-ONLY,2023,5,26828,28943
JOSAA,IIIT,IIIT HYDERABAD,COMPUTER SCIENCE,4,2,OBC-NCL,AI,FEMALE-ONLY,2023,1,2124,5405
JOSAA,IIIT,NIT TRICHY,CIVIL,3,3,OBC-NCL,AI,FEMALE-ONLY,2021,1,16813,20976
JOSAA,NIT,NIT SURATHKAL,MECHANICAL,1,2,OPEN,HS,GENDER-NEUTRAL,2021,2,2586,5316
JOSAA,IIIT,IIIT HYDERABAD,ELECTRICAL,2,3,ST,HS,FEMALE-ONLY,2023,6,1255,5227
JOSAA,NIT,IIIT HYDERABAD,MECHANICAL,8,3,ST,OS,GENDER-NEUTRAL,2023,2,10182,11336
CSAB,IIIT,NIT WARANGAL,COMPUTER SCIENCE,1,2,EWS,HS,FEMALE-ONLY,2022,1,37345,37825
JOSAA,GFTI,IIIT HYDERABAD,ELECTRICAL,8,1,OPEN,OS,FEMALE-ONLY,2022,5,18669,21851
CSAB,GFTI,IIIT HYDERABAD,CIVIL,7,1,ST,AI,GENDER-NEUTRAL,2022,2,7186,9677
CSAB,GFTI,NIT SURATHKAL,MECHANICAL,8,4,OPEN,OS,FEMALE-ONLY,2023,4,2417,4109
CSAB,GFTI,IIIT HYDERABAD,ELECTRICAL,6,4,OPEN,OS,FEMALE-ONLY,2023,6,36489,40850
JOSAA,GFTI,NIT SURATHKAL,COMPUTER SCIENCE,9,2,EWS,AI,FEMALE-ONLY,2023,4,4591,7438
JOSAA,NIT,NIT SURATHKAL,CIVIL,3,1,OPEN,OS,FEMALE-ONLY,2022,6,16016,18505
JOSAA,GFTI,NIT SURATHKAL,MECHANICAL,4,3,OBC-NCL,HS,GENDER-NEUTRAL,2023,5,15348,19001
JOSAA,GFTI,NIT SURATHKAL,MECHANICAL,6,4,OBC-NCL,HS,FEMALE-ONLY,2021,2,2611,5738
CSAB,GFTI,NIT TRICHY,ELECTRICAL,8,3,SC,HS,FEMALE-ONLY,2023,6,24326,25633
JOSAA,GFTI,NIT WARANGAL,CIVIL,5,4,EWS,HS,GENDER-NEUTRAL,2023,4,25125,29078
JOSAA,IIIT,NIT TRICHY,CIVIL,3,2,SC,OS,FEMALE-ONLY,2023,2,42414,43058
JOSAA,NIT,IIIT HYDERABAD,CIVIL,6,1,OBC-NCL,OS,FEMALE-ONLY,2023,2,48480,51661
JOSAA,GFTI,NIT TRICHY,CIVIL,4,4,SC,AI,FEMALE-ONLY,2023,4,7948,11711
JOSAA,GFTI,NIT TRICHY,COMPUTER SCIENCE,9,1,EWS,OS,FEMALE-ONLY,2021,1,14374,16713
CSAB,GFTI,IIIT HYDERABAD,CIVIL,3,3,EWS,OS,GENDER-NEUTRAL,2021,6,31058,33525
JOSAA,NIT,IIIT HYDERABAD,MECHANICAL,4,2,OPEN,OS,FEMALE-ONLY,2023,4,35333,39206
CSAB,IIIT,IIIT HYDERABAD,MECHANICAL,7,1,ST,AI,GENDER-NEUTRAL,2022,5,16404,19131
JOSAA,NIT,NIT TRICHY,COMPUTER SCIENCE,7,2,OPEN,HS,FEMALE-ONLY,2023,3,48537,52568
CSAB,IIIT,NIT TRICHY,MECHANICAL,4,1,EWS,OS,FEMALE-ONLY,2023,4,11394,13968
JOSAA,GFTI,IIIT HYDERABAD,MECHANICAL,6,3,OBC-NCL,AI,FEMALE-ONLY,2023,2,26525,29755
JOSAA,GFTI,NIT WARANGAL,CIVIL,3,3,OBC-NCL,AI,GENDER-NEUTRAL,2022,2,3275,6882
CSAB,NIT,NIT WARANGAL,MECHANICAL,6,2,OPEN,AI,FEMALE-ONLY,2022,4,40717,40913
CSAB,NIT,NIT SURATHKAL,COMPUTER SCIENCE,2,3,EWS,HS,FEMALE-ONLY,2022,3,45341,49299
CSAB,IIIT,IIIT HYDERABAD,CIVIL,8,4,OBC-NCL,OS,GENDER-NEUTRAL,2021,4,27875,30683
JOSAA,IIIT,NIT SURATHKAL,ELECTRICAL,2,1,EWS,AI,GENDER-NEUTRAL,2022,3,9525,12961
CSAB,NIT,NIT WARANGAL,CIVIL,7,3,OBC-NCL,HS,GENDER-NEUTRAL,2021,3,26113,26669
JOSAA,IIIT,NIT SURATHKAL,COMPUTER SCIENCE,9,4,EWS,AI,GENDER-NEUTRAL,2021,5,28028,32496
JOSAA,NIT,IIIT HYDERABAD,CIVIL,1,2,SC,AI,FEMALE-ONLY,2022,6,45090,48177
CSAB,IIIT,IIIT HYDERABAD,CIVIL,8,4,EWS,AI,FEMALE-ONLY,2022,2,41312,45500
CSAB,NIT,IIIT HYDERABAD,COMPUTER SCIENCE,7,2,EWS,AI,FEMALE-ONLY,2022,2,8310,12294
JOSAA,NIT,NIT TRICHY,CIVIL,6,2,OPEN,AI,FEMALE-ONLY,2021,3,2859,3990
JOSAA,NIT,NIT SURATHKAL,COMPUTER SCIENCE,6,1,SC,HS,GENDER-NEUTRAL,2023,2,16191,16498
CSAB,IIIT,NIT WARANGAL,COMPUTER SCIENCE,6,1,ST,OS,FEMALE-ONLY,2022,1,102,2139
CSAB,IIIT,NIT WARANGAL,ELECTRICAL,9,4,OPEN,OS,FEMALE-ONLY,2022,3,41058,42304
CSAB,IIIT,NIT WARANGAL,MECHANICAL,2,1,ST,OS,FEMALE-ONLY,2022,2,30260,34659
JOSAA,NIT,NIT TRICHY,MECHANICAL,1,1,OBC-NCL,OS,FEMALE-ONLY,2021,1,20807,23471
JOSAA,IIIT,NIT TRICHY,CIVIL,6,1,ST,HS,GENDER-NEUTRAL,2021,5,15348,15890
JOSAA,IIIT,IIIT HYDERABAD,CIVIL,8,4,EWS,HS,FEMALE-ONLY,2023,2,5873,10757
JOSAA,NIT,NIT WARANGAL,ELECTRICAL,3,3,ST,HS,FEMALE-ONLY,2022,1,12886,13818
JOSAA,GFTI,NIT TRICHY,ELECTRICAL,1,1,OPEN,AI,FEMALE-ONLY,2021,4,15137,16698
JOSAA,NIT,IIIT HYDERABAD,ELECTRICAL,9,1,OPEN,AI,GENDER-NEUTRAL,2023,6,1985,5601
CSAB,IIIT,NIT WARANGAL,COMPUTER SCIENCE,1,4,ST,AI,GENDER-NEUTRAL,2022,4,39928,41187
JOSAA,NIT,NIT SURATHKAL,ELECTRICAL,3,3,OPEN,OS,FEMALE-ONLY,2021,1,16431,16917
JOSAA,GFTI,IIIT HYDERABAD,ELECTRICAL,8,1,OPEN,AI,FEMALE-ONLY,2022,3,40712,42853
JOSAA,NIT,NIT TRICHY,CIVIL,3,2,ST,OS,FEMALE-ONLY,2022,3,22595,25248
CSAB,IIIT,NIT TRICHY,ELECTRICAL,4,4,SC,AI,GENDER-NEUTRAL,2021,2,13550,15368
JOSAA,GFTI,IIIT HYDERABAD,COMPUTER SCIENCE,8,1,SC,OS,FEMALE-ONLY,2021,4,9591,14466
JOSAA,IIIT,IIIT HYDERABAD,COMPUTER SCIENCE,1,1,OBC-NCL,AI,FEMALE-ONLY,2021,3,9368,13518
CSAB,GFTI,NIT TRICHY,CIVIL,6,2,OPEN,AI,FEMALE-ONLY,2022,3,27857,31366
JOSAA,GFTI,NIT SURATHKAL,ELECTRICAL,1,2,ST,HS,GENDER-NEUTRAL,2022,4,42007,42796
JOSAA,NIT,NIT WARANGAL,ELECTRICAL,1,4,OPEN,AI,FEMALE-ONLY,2023,5,6891,8160
JOSAA,NIT,NIT SURATHKAL,COMPUTER SCIENCE,8,4,EWS,AI,FEMALE-ONLY,2022,3,40039,41091
JOSAA,IIIT,IIIT HYDERABAD,ELECTRICAL,4,2,OPEN,HS,GENDER-NEUTRAL,2021,6,28414,33393
JOSAA,NIT,NIT SURATHKAL,ELECTRICAL,1,4,OPEN,OS,GENDER-NEUTRAL,2022,1,28683,33373
CSAB,NIT,NIT TRICHY,ELECTRICAL,7,2,SC,HS,FEMALE-ONLY,2023,2,21650,25246
CSAB,GFTI,IIIT HYDERABAD,MECHANICAL,5,1,ST,HS,GENDER-NEUTRAL,2023,3,193,4210
CSAB,NIT,NIT WARANGAL,CIVIL,5,2,OPEN,OS,FEMALE-ONLY,2021,6,35855,40797
JOSAA,GFTI,NIT TRICHY,MECHANICAL,1,2,SC,AI,GENDER-NEUTRAL,2021,6,45715,48299
JOSAA,GFTI,NIT TRICHY,CIVIL,6,3,OBC-NCL,OS,GENDER-NEUTRAL,2023,3,10067,12021
JOSAA,GFTI,NIT WARANGAL,COMPUTER SCIENCE,9,2,SC,AI,FEMALE-ONLY,2023,5,16318,19857
CSAB,IIIT,NIT WARANGAL,ELECTRICAL,9,2,SC,AI,FEMALE-ONLY,2023,1,43320,46651
JOSAA,IIIT,NIT SURATHKAL,CIVIL,8,3,SC,OS,FEMALE-ONLY,2021,2,8727,11424
JOSAA,IIIT,IIIT HYDERABAD,MECHANICAL,5,4,OPEN,HS,GENDER-NEUTRAL,2023,3,5047,9130
CSAB,GFTI,NIT WARANGAL,ELECTRICAL,1,3,OPEN,OS,FEMALE-ONLY,2023,2,39519,41810
JOSAA,IIIT,NIT WARANGAL,COMPUTER SCIENCE,9,1,OBC-NCL,AI,FEMALE-ONLY,2021,4,23278,26013
CSAB,IIIT,IIIT HYDERABAD,CIVIL,1,3,EWS,OS,FEMALE-ONLY,2022,6,28976,29732
CSAB,NIT,NIT WARANGAL,CIVIL,8,1,EWS,OS,FEMALE-ONLY,2022,6,23008,26920
CSAB,IIIT,NIT WARANGAL,CIVIL,5,4,EWS,AI,FEMALE-ONLY,2023,3,36012,39452
JOSAA,IIIT,NIT SURATHKAL,ELECTRICAL,3,3,OBC-NCL,HS,GENDER-NEUTRAL,2022,3,20071,24082
JOSAA,GFTI,NIT TRICHY,MECHANICAL,7,3,EWS,OS,FEMALE-ONLY,2022,4,32684,34580
JOSAA,GFTI,NIT TRICHY,MECHANICAL,7,4,EWS,AI,FEMALE-ONLY,2022,5,49328,53791
JOSAA,GFTI,NIT TRICHY,CIVIL,9,1,SC,AI,GENDER-NEUTRAL,2022,3,9059,10921
JOSAA,GFTI,NIT TRICHY,COMPUTER SCIENCE,7,3,OPEN,OS,FEMALE-ONLY,2023,6,28361,32933
JOSAA,GFTI,NIT WARANGAL,COMPUTER SCIENCE,3,1,OPEN,HS,FEMALE-ONLY,2022,2,41165,44550
JOSAA,GFTI,IIIT HYDERABAD,MECHANICAL,1,3,SC,OS,FEMALE-ONLY,2022,1,39562,41247
CSAB,IIIT,IIIT HYDERABAD,COMPUTER SCIENCE,8,2,SC,HS,FEMALE-ONLY,2021,2,15935,19598
JOSAA,GFTI,NIT SURATHKAL,MECHANICAL,3,3,SC,HS,FEMALE-ONLY,2023,5,19357,21897
CSAB,GFTI,NIT SURATHKAL,CIVIL,8,4,OPEN,HS,GENDER-NEUTRAL,2021,1,3446,8130
JOSAA,NIT,NIT WARANGAL,MECHANICAL,8,4,EWS,HS,GENDER-NEUTRAL,2021,2,30907,35824
JOSAA,IIIT,IIIT HYDERABAD,MECHANICAL,5,1,SC,OS,GENDER-NEUTRAL,2023,2,30518,33718
JOSAA,IIIT,IIIT HYDERABAD,CIVIL,1,3,OBC-NCL,AI,FEMALE-ONLY,2022,4,11440,14784
CSAB,IIIT,NIT TRICHY,COMPUTER SCIENCE,7,1,SC,AI,GENDER-NEUTRAL,2021,5,33112,34252
CSAB,GFTI,NIT WARANGAL,MECHANICAL,5,1,ST,AI,FEMALE-ONLY,2023,6,35493,38720
CSAB,GFTI,NIT WARANGAL,MECHANICAL,8,2,SC,AI,FEMALE-ONLY,2022,4,36717,39090
CSAB,GFTI,NIT TRICHY,CIVIL,9,2,OPEN,AI,FEMALE-ONLY,2023,1,9697,13426
JOSAA,NIT,NIT WARANGAL,COMPUTER SCIENCE,7,4,SC,AI,GENDER-NEUTRAL,2021,6,25657,27871
CSAB,GFTI,NIT WARANGAL,MECHANICAL,7,1,ST,OS,GENDER-NEUTRAL,2022,4,7837,9614
JOSAA,NIT,NIT SURATHKAL,CIVIL,1,4,OBC-NCL,HS,GENDER-NEUTRAL,2022,5,46892,50086
JOSAA,IIIT,IIIT HYDERABAD,MECHANICAL,4,3,EWS,AI,FEMALE-ONLY,2023,3,44868,45966
CSAB,GFTI,NIT WARANGAL,ELECTRICAL,2,1,SC,OS,GENDER-NEUTRAL,2022,3,41201,43585
CSAB,NIT,NIT SURATHKAL,CIVIL,2,1,ST,AI,FEMALE-ONLY,2021,1,17376,19065
CSAB,NIT,IIIT HYDERABAD,COMPUTER SCIENCE,2,3,ST,AI,GENDER-NEUTRAL,2021,3,7410,8671
CSAB,GFTI,NIT TRICHY,COMPUTER SCIENCE,4,3,OBC-NCL,HS,GENDER-NEUTRAL,2021,4,35267,37887
CSAB,IIIT,NIT SURATHKAL,COMPUTER SCIENCE,1,4,OPEN,HS,FEMALE-ONLY,2023,1,37508,41463
CSAB,IIIT,NIT SURATHKAL,COMPUTER SCIENCE,4,4,SC,HS,FEMALE-ONLY,2022,6,19444,24192
CSAB,IIIT,IIIT HYDERABAD,MECHANICAL,2,3,ST,AI,GENDER-NEUTRAL,2022,5,10491,11285
CSAB,NIT,NIT TRICHY,MECHANICAL,5,4,OBC-NCL,AI,GENDER-NEUTRAL,2022,1,10992,15504
JOSAA,NIT,NIT SURATHKAL,COMPUTER SCIENCE,3,3,EWS,AI,GENDER-NEUTRAL,2021,6,11297,16260
CSAB,NIT,NIT WARANGAL,COMPUTER SCIENCE,8,1,ST,HS,FEMALE-ONLY,2022,1,13150,17048
CSAB,NIT,NIT WARANGAL,COMPUTER SCIENCE,4,1,OBC-NCL,OS,FEMALE-ONLY,2021,2,36242,40025
JOSAA,IIIT,NIT WARANGAL,MECHANICAL,1,2,OPEN,AI,GENDER-NEUTRAL,2022,2,45779,47850
CSAB,GFTI,NIT TRICHY,COMPUTER SCIENCE,1,1,OPEN,AI,GENDER-NEUTRAL,2021,1,41715,43318
JOSAA,NIT,NIT SURATHKAL,COMPUTER SCIENCE,3,3,ST,AI,FEMALE-ONLY,2022,3,47653,51002
JOSAA,NIT,NIT WARANGAL,ELECTRICAL,9,4,ST,OS,GENDER-NEUTRAL,2023,2,43828,48146
CSAB,IIIT,NIT TRICHY,ELECTRICAL,7,2,SC,AI,FEMALE-ONLY,2023,5,13635,16977
JOSAA,GFTI,NIT WARANGAL,COMPUTER SCIENCE,2,4,OBC-NCL,OS,FEMALE-ONLY,2021,6,41102,43070
JOSAA,GFTI,IIIT HYDERABAD,CIVIL,9,3,ST,AI,FEMALE-ONLY,2021,4,43371,45142
JOSAA,IIIT,NIT SURATHKAL,COMPUTER SCIENCE,2,1,SC,OS,FEMALE-ONLY,2022,2,5222,6404
JOSAA,IIIT,NIT SURATHKAL,ELECTRICAL,3,2,SC,AI,FEMALE-ONLY,2022,1,9952,11780
CSAB,GFTI,NIT TRICHY,CIVIL,2,3,ST,HS,FEMALE-ONLY,2023,3,5487,9438
JOSAA,NIT,NIT TRICHY,CIVIL,3,2,OPEN,HS,GENDER-NEUTRAL,2022,4,31859,34101
CSAB,GFTI,NIT SURATHKAL,COMPUTER SCIENCE,6,2,OBC-NCL,HS,FEMALE-ONLY,2021,6,40499,41747
JOSAA,IIIT,NIT WARANGAL,ELECTRICAL,9,1,OBC-NCL,HS,FEMALE-ONLY,2021,6,40094,40447
JOSAA,NIT,NIT WARANGAL,ELECTRICAL,9,3,OPEN,AI,GENDER-NEUTRAL,2021,2,37976,42178
JOSAA,NIT,IIIT HYDERABAD,CIVIL,7,4,ST,HS,FEMALE-ONLY,2021,6,34978,38620
JOSAA,IIIT,NIT WARANGAL,COMPUTER SCIENCE,3,2,OBC-NCL,OS,GENDER-NEUTRAL,2021,6,33825,36700
CSAB,IIIT,NIT TRICHY,MECHANICAL,4,2,ST,HS,FEMALE-ONLY,2023,3,7246,11983
CSAB,IIIT,NIT TRICHY,MECHANICAL,6,4,ST,HS,GENDER-NEUTRAL,2023,3,660,4093
JOSAA,GFTI,NIT WARANGAL,ELECTRICAL,5,3,SC,HS,GENDER-NEUTRAL,2021,3,1412,5696
JOSAA,GFTI,NIT TRICHY,MECHANICAL,2,2,OPEN,AI,FEMALE-ONLY,2022,1,18305,21684
CSAB,NIT,NIT SURATHKAL,ELECTRICAL,6,2,ST,HS,FEMALE-ONLY,2021,6,11695,16103
JOSAA,IIIT,NIT SURATHKAL,ELECTRICAL,3,2,EWS,OS,FEMALE-ONLY,2023,6,22130,25111
JOSAA,NIT,NIT WARANGAL,ELECTRICAL,8,3,OPEN,HS,FEMALE-ONLY,2021,6,21429,21794
JOSAA,NIT,NIT SURATHKAL,MECHANICAL,2,3,OBC-NCL,HS,GENDER-NEUTRAL,2023,5,38242,40682
CSAB,NIT,NIT SURATHKAL,ELECTRICAL,1,4,SC,HS,GENDER-NEUTRAL,2023,3,2751,5999
CSAB,NIT,IIIT HYDERABAD,CIVIL,9,3,OBC-NCL,OS,GENDER-NEUTRAL,2021,4,10106,13565
CSAB,IIIT,IIIT HYDERABAD,COMPUTER SCIENCE,3,3,OBC-NCL,HS,FEMALE-ONLY,2021,2,42801,43905
JOSAA,NIT,NIT SURATHKAL,COMPUTER SCIENCE,1,1,OPEN,OS,GENDER-NEUTRAL,2022,4,49040,51234
JOSAA,IIIT,NIT WARANGAL,ELECTRICAL,7,4,OBC-NCL,OS,FEMALE-ONLY,2023,1,35745,40562
CSAB,IIIT,IIIT HYDERABAD,COMPUTER SCIENCE,5,2,ST,HS,FEMALE-ONLY,2022,1,22066,25437
CSAB,GFTI,NIT TRICHY,MECHANICAL,5,3,OBC-NCL,OS,GENDER-NEUTRAL,2021,6,27946,32568
CSAB,IIIT,NIT TRICHY,MECHANICAL,1,2,SC,AI,FEMALE-ONLY,2023,4,21874,22183
CSAB,GFTI,NIT TRICHY,COMPUTER SCIENCE,9,2,SC,HS,GENDER-NEUTRAL,2022,6,4183,5170
JOSAA,IIIT,NIT WARANGAL,MECHANICAL,7,1,EWS,HS,FEMALE-ONLY,2022,5,33613,33866
CSAB,IIIT,NIT SURATHKAL,COMPUTER SCIENCE,8,3,SC,OS,GENDER-NEUTRAL,2022,1,8849,12542
JOSAA,IIIT,NIT TRICHY,COMPUTER SCIENCE,9,4,OBC-NCL,OS,FEMALE-ONLY,2021,1,30883,31397
CSAB,GFTI,NIT WARANGAL,COMPUTER SCIENCE,6,3,SC,HS,GENDER-NEUTRAL,2021,4,17425,20949
JOSAA,GFTI,IIIT HYDERABAD,ELECTRICAL,5,2,OPEN,AI,GENDER-NEUTRAL,2021,1,18780,20164
CSAB,NIT,NIT SURATHKAL,COMPUTER SCIENCE,6,4,SC,OS,FEMALE-ONLY,2023,5,17423,20671
CSAB,GFTI,IIIT HYDERABAD,ELECTRICAL,2,3,ST,OS,FEMALE-ONLY,2021,5,22784,23652
CSAB,GFTI,NIT WARANGAL,COMPUTER SCIENCE,4,2,OPEN,AI,GENDER-NEUTRAL,2023,5,34593,35675
CSAB,GFTI,NIT TRICHY,COMPUTER SCIENCE,3,2,EWS,AI,FEMALE-ONLY,2022,2,12313,15615
JOSAA,GFTI,NIT TRICHY,COMPUTER SCIENCE,7,1,ST,HS,FEMALE-ONLY,2022,5,31931,36705
CSAB,NIT,NIT WARANGAL,MECHANICAL,9,1,OBC-NCL,AI,FEMALE-ONLY,2021,5,42396,46022
JOSAA,GFTI,NIT TRICHY,ELECTRICAL,5,1,OBC-NCL,HS,GENDER-NEUTRAL,2022,2,47030,49917
JOSAA,IIIT,NIT SURATHKAL,ELECTRICAL,6,2,OBC-NCL,AI,GENDER-NEUTRAL,2021,6,27813,30123
JOSAA,IIIT,NIT WARANGAL,COMPUTER SCIENCE,2,3,ST,OS,FEMALE-ONLY,2023,3,41721,42859
JOSAA,GFTI,IIIT HYDERABAD,COMPUTER SCIENCE,3,1,ST,HS,FEMALE-ONLY,2022,1,7287,11319
CSAB,GFTI,NIT WARANGAL,MECHANICAL,3,3,ST,HS,GENDER-NEUTRAL,2021,5,32900,33541
JOSAA,IIIT,NIT SURATHKAL,MECHANICAL,9,1,OPEN,HS,FEMALE-ONLY,2022,1,32683,33141
JOSAA,IIIT,NIT SURATHKAL,MECHANICAL,7,4,OPEN,AI,GENDER-NEUTRAL,2022,4,47761,48710
JOSAA,NIT,NIT WARANGAL,ELECTRICAL,8,4,OBC-NCL,OS,FEMALE-ONLY,2021,1,14508,19130
CSAB,IIIT,NIT WARANGAL,ELECTRICAL,9,1,SC,HS,FEMALE-ONLY,2022,6,22469,25113
CSAB,IIIT,NIT TRICHY,ELECTRICAL,6,2,OBC-NCL,HS,FEMALE-ONLY,2022,2,48028,52709
CSAB,GFTI,NIT SURATHKAL,COMPUTER SCIENCE,4,1,EWS,HS,GENDER-NEUTRAL,2022,1,3514,5445
CSAB,IIIT,NIT WARANGAL,ELECTRICAL,1,1,OPEN,HS,GENDER-NEUTRAL,2022,1,19610,21182
JOSAA,NIT,NIT WARANGAL,CIVIL,8,2,ST,OS,GENDER-NEUTRAL,2023,1,12220,13756
JOSAA,IIIT,NIT SURATHKAL,CIVIL,7,4,OPEN,AI,GENDER-NEUTRAL,2022,3,34411,34840
CSAB,GFTI,NIT WARANGAL,MECHANICAL,2,3,ST,OS,FEMALE-ONLY,2022,3,33139,37593
JOSAA,GFTI,NIT TRICHY,ELECTRICAL,8,1,EWS,HS,FEMALE-ONLY,2021,4,5395,9733
JOSAA,IIIT,NIT SURATHKAL,CIVIL,5,2,EWS,OS,GENDER-NEUTRAL,2023,2,20560,24668
JOSAA,GFTI,NIT TRICHY,MECHANICAL,7,1,OPEN,HS,FEMALE-ONLY,2021,1,15063,19885
CSAB,NIT,NIT TRICHY,ELECTRICAL,4,2,ST,AI,FEMALE-ONLY,2021,1,11680,13168
CSAB,NIT,NIT TRICHY,COMPUTER SCIENCE,5,3,EWS,AI,GENDER-NEUTRAL,2021,1,22386,26671
JOSAA,IIIT,NIT TRICHY,CIVIL,8,3,OBC-NCL,AI,FEMALE-ONLY,2023,1,27428,28247
CSAB,IIIT,NIT SURATHKAL,COMPUTER SCIENCE,1,4,OBC-NCL,HS,FEMALE-ONLY,2021,3,19193,22528
CSAB,IIIT,NIT TRICHY,ELECTRICAL,1,2,ST,OS,GENDER-NEUTRAL,2021,6,21705,26381
CSAB,GFTI,NIT TRICHY,CIVIL,4,2,OPEN,AI,FEMALE-ONLY,2021,6,45465,47696
CSAB,NIT,NIT WARANGAL,ELECTRICAL,3,4,EWS,HS,FEMALE-ONLY,2022,4,44913,46113
CSAB,NIT,NIT SURATHKAL,COMPUTER SCIENCE,2,4,OPEN,HS,FEMALE-ONLY,2021,5,46471,47243
JOSAA,GFTI,NIT SURATHKAL,CIVIL,3,2,OBC-NCL,OS,GENDER-NEUTRAL,2023,2,42805,43421
CSAB,NIT,IIIT HYDERABAD,COMPUTER SCIENCE,1,4,EWS,AI,GENDER-NEUTRAL,2023,6,47698,50330
JOSAA,IIIT,NIT SURATHKAL,ELECTRICAL,1,3,OPEN,HS,FEMALE-ONLY,2022,1,6822,10592
JOSAA,IIIT,NIT SURATHKAL,ELECTRICAL,6,1,SC,OS,FEMALE-ONLY,2023,6,41069,41950
CSAB,IIIT,IIIT HYDERABAD,COMPUTER SCIENCE,5,3,ST,AI,FEMALE-ONLY,2023,4,37012,40635
JOSAA,NIT,NIT SURATHKAL,CIVIL,8,4,ST,OS,GENDER-NEUTRAL,2022,5,38474,42132
JOSAA,IIIT,NIT SURATHKAL,COMPUTER SCIENCE,2,2,SC,OS,GENDER-NEUTRAL,2021,6,6866,9352
JOSAA,GFTI,NIT SURATHKAL,ELECTRICAL,4,2,OBC-NCL,HS,GENDER-NEUTRAL,2022,4,49982,54864
CSAB,GFTI,NIT SURATHKAL,COMPUTER SCIENCE,8,3,EWS,HS,FEMALE-ONLY,2021,3,16028,17717
CSAB,NIT,IIIT HYDERABAD,ELECTRICAL,6,2,ST,HS,FEMALE-ONLY,2021,5,21374,22975
JOSAA,GFTI,NIT SURATHKAL,COMPUTER SCIENCE,1,4,SC,OS,FEMALE-ONLY,2023,4,34516,38410
CSAB,GFTI,NIT SURATHKAL,CIVIL,4,3,SC,HS,FEMALE-ONLY,2022,6,20712,25130
CSAB,NIT,IIIT HYDERABAD,CIVIL,1,2,OBC-NCL,OS,FEMALE-ONLY,2023,3,34998,38178
CSAB,IIIT,NIT WARANGAL,COMPUTER SCIENCE,2,1,OBC-NCL,OS,GENDER-NEUTRAL,2023,4,47260,48436
CSAB,IIIT,NIT TRICHY,COMPUTER SCIENCE,5,1,OPEN,HS,FEMALE-ONLY,2021,4,29147,30347
JOSAA,IIIT,NIT WARANGAL,CIVIL,8,4,ST,AI,FEMALE-ONLY,2023,6,43456,44058
JOSAA,NIT,IIIT HYDERABAD,ELECTRICAL,8,2,OPEN,AI,FEMALE-ONLY,2022,5,37234,38673
CSAB,GFTI,NIT TRICHY,CIVIL,3,4,SC,AI,GENDER-NEUTRAL,2023,3,1606,5591
CSAB,IIIT,IIIT HYDERABAD,ELECTRICAL,4,3,EWS,OS,FEMALE-ONLY,2023,1,15322,16045
JOSAA,IIIT,IIIT HYDERABAD,COMPUTER SCIENCE,6,1,EWS,OS,GENDER-NEUTRAL,2021,2,12463,14449
JOSAA,NIT,NIT SURATHKAL,COMPUTER SCIENCE,3,3,OBC-NCL,OS,GENDER-NEUTRAL,2022,5,19713,23163
CSAB,IIIT,NIT TRICHY,ELECTRICAL,2,2,EWS,HS,GENDER-NEUTRAL,2023,3,44663,45813
JOSAA,NIT,NIT SURATHKAL,COMPUTER SCIENCE,6,4,EWS,OS,GENDER-NEUTRAL,2021,4,30728,34600
CSAB,GFTI,NIT TRICHY,ELECTRICAL,5,4,EWS,HS,GENDER-NEUTRAL,2023,3,42726,46742
CSAB,NIT,IIIT HYDERABAD,MECHANICAL,5,4,SC,HS,FEMALE-ONLY,2022,2,45484,49602
JOSAA,NIT,IIIT HYDERABAD,CIVIL,5,3,EWS,AI,FEMALE-ONLY,2023,6,4236,5665
JOSAA,NIT,NIT WARANGAL,MECHANICAL,5,1,EWS,AI,GENDER-NEUTRAL,2023,2,46346,50560
CSAB,NIT,NIT TRICHY,ELECTRICAL,3,3,EWS,AI,GENDER-NEUTRAL,2021,1,11261,14728
CSAB,GFTI,NIT SURATHKAL,CIVIL,7,3,OPEN,HS,GENDER-NEUTRAL,2023,1,35557,39608
JOSAA,GFTI,NIT WARANGAL,ELECTRICAL,6,2,SC,HS,FEMALE-ONLY,2021,2,23674,26271
CSAB,IIIT,NIT WARANGAL,CIVIL,4,2,OBC-NCL,HS,FEMALE-ONLY,2022,5,27002,28675
JOSAA,GFTI,NIT WARANGAL,CIVIL,2,2,OPEN,OS,GENDER-NEUTRAL,2023,5,2910,5644
CSAB,GFTI,NIT SURATHKAL,CIVIL,9,1,ST,HS,FEMALE-ONLY,2022,4,11763,14631
JOSAA,IIIT,NIT WARANGAL,CIVIL,1,1,SC,AI,FEMALE-ONLY,2022,1,6252,7563
JOSAA,GFTI,NIT SURATHKAL,ELECTRICAL,4,2,SC,AI,GENDER-NEUTRAL,2023,4,112,987
JOSAA,NIT,NIT WARANGAL,CIVIL,1,2,ST,HS,GENDER-NEUTRAL,2021,1,11262,12522
CSAB,NIT,NIT SURATHKAL,CIVIL,6,1,ST,HS,FEMALE-ONLY,2022,2,22422,24905
CSAB,IIIT,IIIT HYDERABAD,MECHANICAL,4,4,ST,AI,FEMALE-ONLY,2022,5,8099,10853
JOSAA,IIIT,IIIT HYDERABAD,COMPUTER SCIENCE,5,1,OBC-NCL,HS,FEMALE-ONLY,2023,5,7319,10959
CSAB,IIIT,IIIT HYDERABAD,COMPUTER SCIENCE,5,1,EWS,AI,GENDER-NEUTRAL,2023,2,5428,10225
JOSAA,NIT,IIIT HYDERABAD,MECHANICAL,9,1,SC,OS,GENDER-NEUTRAL,2023,4,3721,8456
JOSAA,GFTI,IIIT HYDERABAD,MECHANICAL,1,2,EWS,AI,GENDER-NEUTRAL,2023,4,24356,25551
CSAB,NIT,NIT WARANGAL,ELECTRICAL,2,4,EWS,OS,FEMALE-ONLY,2023,3,44533,44656
CSAB,IIIT,NIT WARANGAL,ELECTRICAL,6,1,ST,HS,FEMALE-ONLY,2023,1,11414,16233
JOSAA,GFTI,NIT WARANGAL,ELECTRICAL,5,2,OBC-NCL,HS,GENDER-NEUTRAL,2021,4,752,4408
CSAB,GFTI,NIT SURATHKAL,MECHANICAL,7,3,OPEN,OS,FEMALE-ONLY,2022,2,16282,17461
CSAB,NIT,NIT SURATHKAL,MECHANICAL,3,3,OBC-NCL,HS,GENDER-NEUTRAL,2021,4,41680,46098
JOSAA,IIIT,NIT SURATHKAL,CIVIL,3,1,EWS,OS,FEMALE-ONLY,2021,5,36658,36936
JOSAA,NIT,NIT SURATHKAL,ELECTRICAL,2,3,OBC-NCL,HS,GENDER-NEUTRAL,2023,1,15759,18706
CSAB,GFTI,IIIT HYDERABAD,ELECTRICAL,3,4,ST,AI,FEMALE-ONLY,2022,6,34513,36573
JOSAA,NIT,IIIT HYDERABAD,ELECTRICAL,1,3,OPEN,HS,FEMALE-ONLY,2021,3,10535,12108
JOSAA,NIT,IIIT HYDERABAD,COMPUTER SCIENCE,5,3,ST,AI,GENDER-NEUTRAL,2023,1,28167,33155
CSAB,IIIT,NIT TRICHY,CIVIL,5,4,OPEN,AI,GENDER-NEUTRAL,2023,5,22358,23670
JOSAA,IIIT,NIT WARANGAL,ELECTRICAL,7,1,EWS,OS,GENDER-NEUTRAL,2022,5,28387,29296
JOSAA,GFTI,NIT SURATHKAL,ELECTRICAL,4,1,OPEN,HS,GENDER-NEUTRAL,2021,5,3788,4307
CSAB,NIT,NIT SURATHKAL,ELECTRICAL,3,4,OPEN,OS,GENDER-NEUTRAL,2021,5,7789,11548
CSAB,NIT,IIIT HYDERABAD,COMPUTER SCIENCE,1,4,OPEN,HS,FEMALE-ONLY,2021,2,1479,5395
JOSAA,NIT,NIT SURATHKAL,COMPUTER SCIENCE,8,4,OBC-NCL,AI,GENDER-NEUTRAL,2023,3,37111,38489
JOSAA,GFTI,NIT SURATHKAL,MECHANICAL,3,3,OBC-NCL,AI,GENDER-NEUTRAL,2022,6,43105,45728
CSAB,GFTI,NIT WARANGAL,CIVIL,2,4,EWS,HS,GENDER-NEUTRAL,2022,5,27724,29264
CSAB,IIIT,IIIT HYDERABAD,MECHANICAL,4,2,OPEN,HS,GENDER-NEUTRAL,2021,5,26064,27504
CSAB,IIIT,NIT WARANGAL,CIVIL,3,3,SC,OS,GENDER-NEUTRAL,2023,4,22991,25312
CSAB,IIIT,NIT TRICHY,COMPUTER SCIENCE,1,1,EWS,HS,FEMALE-ONLY,2021,3,49198,51690
JOSAA,NIT,NIT TRICHY,ELECTRICAL,3,1,OPEN,HS,GENDER-NEUTRAL,2022,1,38479,39940
CSAB,NIT,NIT TRICHY,MECHANICAL,2,1,OPEN,HS,GENDER-NEUTRAL,2023,3,12616,13307
CSAB,IIIT,IIIT HYDERABAD,ELECTRICAL,8,3,OBC-NCL,OS,GENDER-NEUTRAL,2021,3,13986,14612
JOSAA,NIT,NIT SURATHKAL,MECHANICAL,6,2,EWS,HS,FEMALE-ONLY,2021,6,20407,23010
CSAB,IIIT,IIIT HYDERABAD,COMPUTER SCIENCE,9,4,OPEN,AI,FEMALE-ONLY,2023,3,24943,26335
JOSAA,GFTI,IIIT HYDERABAD,COMPUTER SCIENCE,8,4,OPEN,OS,GENDER-NEUTRAL,2022,6,46584,48338
CSAB,IIIT,NIT SURATHKAL,COMPUTER SCIENCE,3,1,EWS,OS,GENDER-NEUTRAL,2023,5,6012,6299
CSAB,GFTI,NIT WARANGAL,MECHANICAL,5,1,SC,AI,FEMALE-ONLY,2021,5,21614,24472
CSAB,NIT,NIT TRICHY,CIVIL,7,3,EWS,AI,FEMALE-ONLY,2021,2,21923,22551
JOSAA,IIIT,NIT WARANGAL,MECHANICAL,5,2,EWS,AI,FEMALE-ONLY,2021,6,28897,29430
JOSAA,NIT,NIT TRICHY,CIVIL,8,4,SC,HS,GENDER-NEUTRAL,2021,6,6549,10161
CSAB,GFTI,IIIT HYDERABAD,MECHANICAL,5,3,EWS,AI,GENDER-NEUTRAL,2022,1,1825,3729
JOSAA,GFTI,NIT TRICHY,MECHANICAL,1,4,OPEN,HS,FEMALE-ONLY,2022,4,15970,16372
JOSAA,GFTI,IIIT HYDERABAD,COMPUTER SCIENCE,5,1,EWS,OS,GENDER-NEUTRAL,2021,3,9404,13686
JOSAA,NIT,NIT WARANGAL,ELECTRICAL,4,4,SC,OS,FEMALE-ONLY,2022,1,7622,8159
JOSAA,NIT,IIIT HYDERABAD,ELECTRICAL,6,2,ST,AI,FEMALE-ONLY,2022,6,13763,16451
JOSAA,NIT,NIT WARANGAL,CIVIL,3,2,EWS,HS,FEMALE-ONLY,2022,1,4884,5816
JOSAA,NIT,NIT SURATHKAL,ELECTRICAL,5,1,OBC-NCL,AI,GENDER-NEUTRAL,2021,2,9572,10468
CSAB,GFTI,NIT SURATHKAL,MECHANICAL,2,2,OPEN,AI,FEMALE-ONLY,2023,4,29052,29711
CSAB,GFTI,NIT SURATHKAL,MECHANICAL,6,2,OPEN,HS,FEMALE-ONLY,2023,6,10155,13843
JOSAA,IIIT,IIIT HYDERABAD,COMPUTER SCIENCE,6,3,OBC-NCL,AI,GENDER-NEUTRAL,2023,6,29608,30469
CSAB,IIIT,NIT SURATHKAL,COMPUTER SCIENCE,5,4,OBC-NCL,OS,FEMALE-ONLY,2021,3,12776,16450
CSAB,NIT,NIT TRICHY,ELECTRICAL,6,1,EWS,AI,GENDER-NEUTRAL,2022,4,25292,29177
CSAB,GFTI,NIT WARANGAL,CIVIL,7,1,OBC-NCL,HS,FEMALE-ONLY,2022,2,24822,27436
CSAB,GFTI,NIT WARANGAL,ELECTRICAL,5,1,ST,HS,GENDER-NEUTRAL,2021,5,7546,8330
JOSAA,GFTI,NIT TRICHY,ELECTRICAL,1,1,SC,OS,FEMALE-ONLY,2021,1,4825,9158
CSAB,IIIT,IIIT HYDERABAD,ELECTRICAL,8,1,OBC-NCL,HS,FEMALE-ONLY,2023,3,20161,20838
CSAB,IIIT,IIIT HYDERABAD,ELECTRICAL,4,2,OBC-NCL,HS,FEMALE-ONLY,2023,6,47637,52542
JOSAA,GFTI,NIT WARANGAL,MECHANICAL,9,3,ST,OS,FEMALE-ONLY,2021,5,22771,23098
JOSAA,GFTI,NIT SURATHKAL,CIVIL,6,1,OPEN,AI,FEMALE-ONLY,2023,2,1509,3937
CSAB,GFTI,IIIT HYDERABAD,MECHANICAL,1,3,OPEN,OS,GENDER-NEUTRAL,2022,4,8305,11136
CSAB,IIIT,IIIT HYDERABAD,CIVIL,3,3,EWS,AI,GENDER-NEUTRAL,2021,1,16465,17392
CSAB,GFTI,NIT TRICHY,COMPUTER SCIENCE,3,2,ST,OS,FEMALE-ONLY,2021,3,356,886
CSAB,GFTI,NIT TRICHY,ELECTRICAL,4,1,SC,AI,FEMALE-ONLY,2022,6,15804,16967
CSAB,NIT,NIT SURATHKAL,MECHANICAL,6,2,SC,OS,FEMALE-ONLY,2022,6,30002,31811
CSAB,NIT,IIIT HYDERABAD,CIVIL,7,1,ST,AI,GENDER-NEUTRAL,2022,5,35858,37192
JOSAA,IIIT,IIIT HYDERABAD,COMPUTER SCIENCE,4,2,SC,OS,GENDER-NEUTRAL,2023,5,1295,1696
CSAB,GFTI,NIT TRICHY,COMPUTER SCIENCE,6,3,OPEN,AI,FEMALE-ONLY,2021,1,34112,35632
CSAB,GFTI,IIIT HYDERABAD,ELECTRICAL,1,1,SC,OS,GENDER-NEUTRAL,2023,4,11515,16243
JOSAA,NIT,NIT WARANGAL,CIVIL,8,4,SC,HS,FEMALE-ONLY,2022,2,39634,40502
JOSAA,IIIT,NIT TRICHY,MECHANICAL,7,3,ST,AI,FEMALE-ONLY,2023,4,21786,23290
JOSAA,NIT,NIT SURATHKAL,ELECTRICAL,9,4,ST,OS,FEMALE-ONLY,2022,4,11762,12305
JOSAA,NIT,NIT TRICHY,MECHANICAL,3,3,SC,AI,GENDER-NEUTRAL,2023,4,49078,52282
CSAB,NIT,IIIT HYDERABAD,COMPUTER SCIENCE,2,2,OBC-NCL,AI,FEMALE-ONLY,2023,1,28843,33298
CSAB,NIT,NIT SURATHKAL,MECHANICAL,1,1,ST,OS,FEMALE-ONLY,2022,1,32261,35666
CSAB,GFTI,NIT TRICHY,MECHANICAL,3,3,EWS,AI,FEMALE-ONLY,2023,2,43181,44819
CSAB,GFTI,NIT WARANGAL,ELECTRICAL,5,2,EWS,OS,GENDER-NEUTRAL,2021,4,2502,6532
CSAB,NIT,NIT WARANGAL,MECHANICAL,2,1,OPEN,HS,GENDER-NEUTRAL,2023,1,49748,51179
CSAB,IIIT,NIT TRICHY,ELECTRICAL,3,1,SC,AI,GENDER-NEUTRAL,2023,2,13375,13544
JOSAA,IIIT,NIT WARANGAL,COMPUTER SCIENCE,4,3,OBC-NCL,HS,FEMALE-ONLY,2021,6,28282,31817
CSAB,IIIT,NIT WARANGAL,ELECTRICAL,7,1,OPEN,AI,GENDER-NEUTRAL,2022,2,15015,15595
JOSAA,IIIT,NIT WARANGAL,ELECTRICAL,3,3,SC,AI,FEMALE-ONLY,2021,4,1009,5203
JOSAA,NIT,NIT SURATHKAL,CIVIL,9,1,ST,AI,GENDER-NEUTRAL,2023,3,48674,52270
CSAB,GFTI,NIT WARANGAL,MECHANICAL,8,4,EWS,OS,FEMALE-ONLY,2022,4,472,3365
JOSAA,IIIT,NIT WARANGAL,COMPUTER SCIENCE,4,2,OBC-NCL,HS,GENDER-NEUTRAL,2023,3,22720,25712
CSAB,NIT,NIT WARANGAL,ELECTRICAL,1,4,EWS,AI,FEMALE-ONLY,2023,2,34212,35510
JOSAA,IIIT,NIT SURATHKAL,COMPUTER SCIENCE,1,3,ST,OS,GENDER-NEUTRAL,2021,6,8615,11087
CSAB,IIIT,NIT TRICHY,CIVIL,1,4,SC,AI,GENDER-NEUTRAL,2021,6,2531,4523
JOSAA,NIT,IIIT HYDERABAD,MECHANICAL,1,3,ST,OS,GENDER-NEUTRAL,2022,1,21154,23137
CSAB,GFTI,NIT WARANGAL,ELECTRICAL,8,1,ST,AI,FEMALE-ONLY,2022,6,32724,33621
CSAB,GFTI,NIT TRICHY,MECHANICAL,3,1,EWS,HS,GENDER-NEUTRAL,2022,5,10685,10802
CSAB,NIT,NIT WARANGAL,CIVIL,6,3,OBC-NCL,HS,GENDER-NEUTRAL,2023,2,48330,48473
CSAB,GFTI,NIT SURATHKAL,CIVIL,3,4,ST,AI,GENDER-NEUTRAL,2021,1,32058,32312
CSAB,NIT,NIT TRICHY,COMPUTER SCIENCE,5,1,EWS,OS,GENDER-NEUTRAL,2021,6,1795,5343
JOSAA,NIT,NIT SURATHKAL,ELECTRICAL,7,2,OBC-NCL,AI,FEMALE-ONLY,2021,2,34775,39713
JOSAA,NIT,NIT WARANGAL,COMPUTER SCIENCE,2,1,SC,OS,GENDER-NEUTRAL,2022,4,33887,38067
JOSAA,GFTI,NIT WARANGAL,CIVIL,6,2,SC,AI,FEMALE-ONLY,2021,6,44325,45850
CSAB,NIT,NIT SURATHKAL,MECHANICAL,6,4,OPEN,OS,FEMALE-ONLY,2021,3,1503,5923
JOSAA,IIIT,IIIT HYDERABAD,COMPUTER SCIENCE,3,2,EWS,HS,FEMALE-ONLY,2021,2,17910,22322
CSAB,GFTI,NIT SURATHKAL,COMPUTER SCIENCE,6,2,OBC-NCL,AI,FEMALE-ONLY,2022,1,8955,12694
CSAB,GFTI,NIT WARANGAL,MECHANICAL,5,2,ST,HS,GENDER-NEUTRAL,2021,4,38736,42962
JOSAA,GFTI,NIT SURATHKAL,COMPUTER SCIENCE,2,2,SC,HS,FEMALE-ONLY,2022,5,10939,12931
JOSAA,GFTI,IIIT HYDERABAD,MECHANICAL,9,1,OBC-NCL,AI,FEMALE-ONLY,2021,4,110,1107
CSAB,IIIT,NIT SURATHKAL,ELECTRICAL,8,2,EWS,AI,FEMALE-ONLY,2021,6,39198,42722
JOSAA,GFTI,IIIT HYDERABAD,MECHANICAL,3,1,OPEN,OS,FEMALE-ONLY,2021,3,47929,52569
CSAB,GFTI,IIIT HYDERABAD,ELECTRICAL,8,2,SC,OS,GENDER-NEUTRAL,2022,4,9330,10688
CSAB,NIT,NIT SURATHKAL,MECHANICAL,9,3,OBC-NCL,HS,GENDER-NEUTRAL,2022,5,40332,42447
CSAB,GFTI,NIT SURATHKAL,CIVIL,3,4,OBC-NCL,OS,FEMALE-ONLY,2021,1,47614,52547
CSAB,IIIT,NIT TRICHY,CIVIL,3,2,OBC-NCL,OS,FEMALE-ONLY,2023,2,35871,37673
CSAB,IIIT,NIT WARANGAL,ELECTRICAL,2,3,EWS,AI,FEMALE-ONLY,2022,3,29356,30329
JOSAA,IIIT,IIIT HYDERABAD,ELECTRICAL,8,2,EWS,OS,GENDER-NEUTRAL,2022,5,25751,26416
JOSAA,IIIT,NIT TRICHY,CIVIL,1,2,EWS,HS,GENDER-NEUTRAL,2021,6,32483,34601
CSAB,GFTI,NIT SURATHKAL,ELECTRICAL,8,2,ST,OS,GENDER-NEUTRAL,2023,6,40063,42048
CSAB,GFTI,NIT WARANGAL,MECHANICAL,7,3,OBC-NCL,HS,GENDER-NEUTRAL,2021,6,13762,15985
JOSAA,IIIT,NIT TRICHY,MECHANICAL,7,4,SC,AI,GENDER-NEUTRAL,2022,3,13839,18581
JOSAA,IIIT,IIIT HYDERABAD,CIVIL,3,3,EWS,HS,FEMALE-ONLY,2022,4,48456,50870
CSAB,GFTI,NIT TRICHY,COMPUTER SCIENCE,1,4,EWS,OS,GENDER-NEUTRAL,2021,3,1889,6401
JOSAA,IIIT,IIIT HYDERABAD,MECHANICAL,4,2,OBC-NCL,AI,GENDER-NEUTRAL,2021,6,19520,23503
CSAB,NIT,NIT SURATHKAL,ELECTRICAL,9,1,EWS,OS,FEMALE-ONLY,2023,5,23861,27153
JOSAA,IIIT,NIT WARANGAL,COMPUTER SCIENCE,5,2,ST,AI,GENDER-NEUTRAL,2023,2,40466,42425
CSAB,IIIT,NIT WARANGAL,COMPUTER SCIENCE,1,4,ST,AI,GENDER-NEUTRAL,2022,2,37706,37830
JOSAA,NIT,NIT WARANGAL,MECHANICAL,5,3,EWS,OS,GENDER-NEUTRAL,2023,3,38740,42343
CSAB,NIT,NIT SURATHKAL,MECHANICAL,8,2,OBC-NCL,OS,FEMALE-ONLY,2023,6,44235,48590
JOSAA,GFTI,IIIT HYDERABAD,COMPUTER SCIENCE,8,3,OBC-NCL,AI,GENDER-NEUTRAL,2022,1,37167,38404
JOSAA,GFTI,NIT SURATHKAL,COMPUTER SCIENCE,5,3,OBC-NCL,AI,FEMALE-ONLY,2022,3,17457,18746
CSAB,NIT,NIT WARANGAL,CIVIL,9,3,OPEN,OS,FEMALE-ONLY,2022,6,39951,44849
JOSAA,NIT,NIT SURATHKAL,ELECTRICAL,1,2,EWS,HS,GENDER-NEUTRAL,2022,4,38362,42558
CSAB,GFTI,NIT SURATHKAL,CIVIL,4,3,OBC-NCL,OS,GENDER-NEUTRAL,2021,2,11417,14674
JOSAA,IIIT,NIT SURATHKAL,MECHANICAL,3,3,ST,AI,GENDER-NEUTRAL,2022,2,21634,24101
CSAB,NIT,IIIT HYDERABAD,CIVIL,2,2,SC,OS,GENDER-NEUTRAL,2022,2,25834,30411
JOSAA,GFTI,NIT TRICHY,CIVIL,8,3,SC,HS,FEMALE-ONLY,2022,1,35997,37838
CSAB,IIIT,NIT TRICHY,CIVIL,7,2,OBC-NCL,OS,GENDER-NEUTRAL,2023,6,32972,36760
JOSAA,NIT,NIT SURATHKAL,CIVIL,9,4,SC,AI,FEMALE-ONLY,2022,6,40301,44147
CSAB,IIIT,NIT TRICHY,ELECTRICAL,2,4,SC,OS,FEMALE-ONLY,2021,6,7789,8786
JOSAA,GFTI,NIT TRICHY,ELECTRICAL,4,4,OPEN,AI,FEMALE-ONLY,2021,6,3667,7790
CSAB,NIT,NIT SURATHKAL,COMPUTER SCIENCE,6,3,ST,AI,FEMALE-ONLY,2022,1,20832,21648
CSAB,IIIT,NIT SURATHKAL,MECHANICAL,3,1,ST,OS,FEMALE-ONLY,2021,5,20874,24941
CSAB,NIT,NIT WARANGAL,CIVIL,8,1,OPEN,AI,GENDER-NEUTRAL,2023,3,23295,27416
JOSAA,IIIT,NIT TRICHY,COMPUTER SCIENCE,3,3,OPEN,AI,FEMALE-ONLY,2022,3,37512,40827
CSAB,GFTI,IIIT HYDERABAD,COMPUTER SCIENCE,2,1,SC,HS,FEMALE-ONLY,2021,6,47834,48324
JOSAA,GFTI,NIT SURATHKAL,COMPUTER SCIENCE,3,2,EWS,HS,GENDER-NEUTRAL,2021,4,44198,48182
CSAB,NIT,NIT WARANGAL,ELECTRICAL,6,1,SC,HS,GENDER-NEUTRAL,2022,2,22357,24156
JOSAA,IIIT,IIIT HYDERABAD,CIVIL,2,3,OPEN,HS,FEMALE-ONLY,2021,1,4494,7631
CSAB,NIT,NIT TRICHY,CIVIL,8,3,ST,AI,FEMALE-ONLY,2022,4,36402,36734
JOSAA,NIT,NIT WARANGAL,MECHANICAL,1,2,SC,OS,GENDER-NEUTRAL,2021,4,22328,24354
JOSAA,IIIT,NIT SURATHKAL,CIVIL,7,4,EWS,AI,FEMALE-ONLY,2023,6,12488,15719
CSAB,IIIT,IIIT HYDERABAD,CIVIL,2,3,SC,AI,GENDER-NEUTRAL,2021,1,11419,14825
JOSAA,IIIT,NIT SURATHKAL,COMPUTER SCIENCE,6,2,OBC-NCL,AI,GENDER-NEUTRAL,2021,3,6575,9399
JOSAA,GFTI,NIT TRICHY,MECHANICAL,2,1,SC,OS,FEMALE-ONLY,2022,2,31655,36556
CSAB,NIT,IIIT HYDERABAD,CIVIL,2,1,OPEN,HS,GENDER-NEUTRAL,2021,3,18258,18591
JOSAA,NIT,NIT TRICHY,ELECTRICAL,8,2,ST,AI,FEMALE-ONLY,2022,4,14828,16319
JOSAA,GFTI,NIT TRICHY,CIVIL,2,2,ST,AI,FEMALE-ONLY,2023,2,44874,47866
JOSAA,IIIT,NIT WARANGAL,COMPUTER SCIENCE,7,3,OPEN,HS,FEMALE-ONLY,2022,5,29645,31000
CSAB,GFTI,NIT SURATHKAL,ELECTRICAL,3,1,OBC-NCL,AI,GENDER-NEUTRAL,2022,4,31200,33838
JOSAA,GFTI,IIIT HYDERABAD,COMPUTER SCIENCE,8,2,OPEN,OS,FEMALE-ONLY,2021,3,16250,20040
CSAB,GFTI,NIT TRICHY,CIVIL,7,1,SC,AI,GENDER-NEUTRAL,2023,3,33314,34303
JOSAA,NIT,NIT TRICHY,ELECTRICAL,8,2,OPEN,AI,FEMALE-ONLY,2022,6,32976,37763
JOSAA,GFTI,IIIT HYDERABAD,MECHANICAL,7,1,OPEN,HS,FEMALE-ONLY,2021,3,3339,4184
JOSAA,NIT,NIT TRICHY,MECHANICAL,6,4,OBC-NCL,AI,GENDER-NEUTRAL,2021,1,38799,40618
CSAB,NIT,NIT WARANGAL,ELECTRICAL,7,3,SC,AI,FEMALE-ONLY,2022,4,36921,37448
JOSAA,NIT,NIT WARANGAL,ELECTRICAL,5,1,EWS,OS,FEMALE-ONLY,2021,2,30715,31546
JOSAA,IIIT,NIT WARANGAL,COMPUTER SCIENCE,7,4,EWS,HS,GENDER-NEUTRAL,2022,3,13846,14745
CSAB,NIT,NIT WARANGAL,ELECTRICAL,1,1,ST,HS,GENDER-NEUTRAL,2022,6,21021,25418
JOSAA,NIT,NIT TRICHY,COMPUTER SCIENCE,1,1,OPEN,OS,GENDER-NEUTRAL,2022,6,22845,23780
CSAB,IIIT,IIIT HYDERABAD,CIVIL,9,4,ST,AI,FEMALE-ONLY,2023,3,1345,1579
CSAB,NIT,IIIT HYDERABAD,COMPUTER SCIENCE,5,1,OBC-NCL,HS,GENDER-NEUTRAL,2022,1,46707,49345
JOSAA,GFTI,IIIT HYDERABAD,ELECTRICAL,5,1,EWS,HS,GENDER-NEUTRAL,2021,6,24953,28771
CSAB,GFTI,IIIT HYDERABAD,ELECTRICAL,3,3,OPEN,AI,FEMALE-ONLY,2023,2,27732,27872
JOSAA,NIT,NIT SURATHKAL,CIVIL,5,4,OBC-NCL,AI,GENDER-NEUTRAL,2021,4,12956,16423
CSAB,IIIT,IIIT HYDERABAD,ELECTRICAL,3,4,OBC-NCL,HS,FEMALE-ONLY,2023,5,5205,7720
CSAB,GFTI,NIT SURATHKAL,ELECTRICAL,9,2,OPEN,AI,FEMALE-ONLY,2023,1,35790,37930
JOSAA,IIIT,NIT SURATHKAL,MECHANICAL,9,1,OBC-NCL,HS,GENDER-NEUTRAL,2023,6,2613,7052
CSAB,IIIT,NIT WARANGAL,MECHANICAL,6,3,OPEN,AI,FEMALE-ONLY,2023,4,2901,5950
CSAB,GFTI,NIT SURATHKAL,CIVIL,1,1,OPEN,AI,GENDER-NEUTRAL,2021,5,32445,36806
CSAB,IIIT,NIT TRICHY,COMPUTER SCIENCE,7,1,SC,OS,GENDER-NEUTRAL,2022,3,13995,17561
CSAB,GFTI,NIT SURATHKAL,MECHANICAL,7,2,ST,AI,GENDER-NEUTRAL,2021,3,39849,43037
CSAB,IIIT,NIT WARANGAL,COMPUTER SCIENCE,4,1,OBC-NCL,OS,GENDER-NEUTRAL,2022,2,8321,13244
JOSAA,GFTI,NIT SURATHKAL,ELECTRICAL,8,3,OBC-NCL,AI,FEMALE-ONLY,2021,5,6138,7353
CSAB,NIT,NIT TRICHY,MECHANICAL,6,3,SC,HS,FEMALE-ONLY,2023,3,32131,36809
JOSAA,GFTI,NIT TRICHY,CIVIL,4,2,SC,HS,GENDER-NEUTRAL,2023,3,15182,17872
CSAB,GFTI,NIT TRICHY,CIVIL,4,1,SC,AI,GENDER-NEUTRAL,2022,6,14748,18421
JOSAA,GFTI,NIT WARANGAL,CIVIL,2,3,EWS,AI,FEMALE-ONLY,2022,2,464,3542
JOSAA,GFTI,NIT WARANGAL,MECHANICAL,2,1,EWS,HS,GENDER-NEUTRAL,2021,4,34668,37215
CSAB,IIIT,IIIT HYDERABAD,COMPUTER SCIENCE,4,1,EWS,AI,FEMALE-ONLY,2022,3,14210,15540
CSAB,NIT,NIT WARANGAL,ELECTRICAL,5,1,OPEN,OS,GENDER-NEUTRAL,2021,1,6058,8824
CSAB,GFTI,NIT TRICHY,COMPUTER SCIENCE,8,2,OBC-NCL,OS,FEMALE-ONLY,2022,1,9196,14150
JOSAA,IIIT,NIT TRICHY,COMPUTER SCIENCE,6,1,ST,OS,FEMALE-ONLY,2022,4,7536,11894
CSAB,NIT,NIT WARANGAL,ELECTRICAL,4,3,OPEN,OS,FEMALE-ONLY,2022,5,21277,23971
JOSAA,NIT,NIT SURATHKAL,ELECTRICAL,7,1,OBC-NCL,OS,GENDER-NEUTRAL,2023,2,26854,30384
JOSAA,NIT,NIT WARANGAL,MECHANICAL,8,3,OBC-NCL,AI,GENDER-NEUTRAL,2023,6,24644,27661
JOSAA,NIT,NIT WARANGAL,MECHANICAL,2,1,SC,AI,GENDER-NEUTRAL,2021,1,12738,15790
CSAB,GFTI,NIT TRICHY,MECHANICAL,7,3,SC,OS,GENDER-NEUTRAL,2022,1,279,2374
CSAB,GFTI,IIIT HYDERABAD,MECHANICAL,2,3,OPEN,AI,GENDER-NEUTRAL,2021,4,3973,7964
JOSAA,IIIT,NIT TRICHY,MECHANICAL,2,1,SC,AI,FEMALE-ONLY,2022,5,17670,18076
JOSAA,IIIT,IIIT HYDERABAD,ELECTRICAL,8,1,OBC-NCL,OS,FEMALE-ONLY,2023,5,48323,49785
CSAB,IIIT,NIT TRICHY,COMPUTER SCIENCE,2,3,SC,AI,FEMALE-ONLY,2023,4,17257,19459
JOSAA,NIT,NIT WARANGAL,MECHANICAL,9,4,EWS,AI,FEMALE-ONLY,2022,1,45665,48795
CSAB,NIT,NIT TRICHY,MECHANICAL,1,2,SC,AI,FEMALE-ONLY,2022,2,4560,4992
JOSAA,GFTI,NIT TRICHY,COMPUTER SCIENCE,9,4,OBC-NCL,OS,FEMALE-ONLY,2023,1,48184,51036
CSAB,NIT,NIT TRICHY,MECHANICAL,1,4,OPEN,AI,FEMALE-ONLY,2023,5,452,794
JOSAA,NIT,NIT WARANGAL,COMPUTER SCIENCE,2,1,ST,HS,GENDER-NEUTRAL,2021,6,21686,23670
CSAB,NIT,NIT WARANGAL,COMPUTER SCIENCE,6,2,SC,HS,FEMALE-ONLY,2023,1,5444,6976
JOSAA,IIIT,NIT WARANGAL,ELECTRICAL,6,4,OBC-NCL,OS,GENDER-NEUTRAL,2022,2,4607,7257
CSAB,IIIT,NIT WARANGAL,CIVIL,1,1,ST,HS,FEMALE-ONLY,2021,3,37698,38100
CSAB,GFTI,IIIT HYDERABAD,ELECTRICAL,7,4,ST,OS,FEMALE-ONLY,2022,1,44088,48518
JOSAA,NIT,IIIT HYDERABAD,CIVIL,8,4,EWS,HS,GENDER-NEUTRAL,2021,4,32985,36194
JOSAA,NIT,NIT SURATHKAL,CIVIL,2,1,ST,HS,FEMALE-ONLY,2022,3,16965,19251
CSAB,GFTI,NIT WARANGAL,CIVIL,8,1,OBC-NCL,HS,GENDER-NEUTRAL,2023,4,37155,41545
JOSAA,NIT,IIIT HYDERABAD,MECHANICAL,9,1,OBC-NCL,OS,FEMALE-ONLY,2022,4,27313,28963
CSAB,NIT,NIT TRICHY,ELECTRICAL,6,2,SC,OS,GENDER-NEUTRAL,2021,4,4577,6469
JOSAA,IIIT,NIT WARANGAL,CIVIL,5,4,SC,AI,FEMALE-ONLY,2022,1,6633,7379
CSAB,GFTI,NIT SURATHKAL,COMPUTER SCIENCE,9,1,SC,OS,GENDER-NEUTRAL,2021,5,49495,54251
CSAB,GFTI,NIT SURATHKAL,MECHANICAL,9,3,ST,HS,GENDER-NEUTRAL,2022,3,23496,24308
CSAB,GFTI,NIT SURATHKAL,ELECTRICAL,1,4,ST,HS,FEMALE-ONLY,2023,2,12855,17463
CSAB,GFTI,NIT TRICHY,CIVIL,3,3,EWS,OS,FEMALE-ONLY,2023,5,965,1602
CSAB,IIIT,IIIT HYDERABAD,COMPUTER SCIENCE,9,2,SC,OS,GENDER-NEUTRAL,2022,1,11273,11607
CSAB,IIIT,NIT TRICHY,ELECTRICAL,2,1,OPEN,OS,FEMALE-ONLY,2022,4,38197,40693
JOSAA,NIT,NIT WARANGAL,ELECTRICAL,4,3,EWS,AI,GENDER-NEUTRAL,2022,2,33471,35075
JOSAA,NIT,NIT SURATHKAL,MECHANICAL,4,2,OPEN,HS,FEMALE-ONLY,2021,3,38624,40098
JOSAA,NIT,NIT TRICHY,ELECTRICAL,2,1,ST,AI,GENDER-NEUTRAL,2022,5,11354,15965
CSAB,NIT,NIT TRICHY,MECHANICAL,3,3,EWS,AI,FEMALE-ONLY,2022,6,4118,6127
CSAB,IIIT,IIIT HYDERABAD,CIVIL,3,3,EWS,HS,GENDER-NEUTRAL,2021,5,5292,6307
CSAB,GFTI,IIIT HYDERABAD,MECHANICAL,1,2,OBC-NCL,HS,FEMALE-ONLY,2023,2,2115,6173
CSAB,IIIT,NIT SURATHKAL,COMPUTER SCIENCE,6,1,ST,OS,GENDER-NEUTRAL,2022,1,42718,42898
JOSAA,NIT,NIT TRICHY,MECHANICAL,8,1,ST,OS,GENDER-NEUTRAL,2022,3,3480,5663
JOSAA,IIIT,NIT TRICHY,COMPUTER SCIENCE,3,3,EWS,AI,FEMALE-ONLY,2023,2,28443,31231
CSAB,GFTI,IIIT HYDERABAD,MECHANICAL,5,3,ST,OS,FEMALE-ONLY,2023,4,3870,5660
JOSAA,GFTI,NIT TRICHY,ELECTRICAL,1,3,EWS,OS,GENDER-NEUTRAL,2021,3,5929,6785
JOSAA,IIIT,NIT TRICHY,CIVIL,7,1,OBC-NCL,HS,GENDER-NEUTRAL,2022,5,34481,37251
CSAB,IIIT,NIT TRICHY,COMPUTER SCIENCE,1,2,EWS,HS,GENDER-NEUTRAL,2022,2,46015,49866
JOSAA,IIIT,IIIT HYDERABAD,MECHANICAL,9,2,ST,OS,GENDER-NEUTRAL,2021,5,15645,19297
CSAB,NIT,NIT SURATHKAL,MECHANICAL,8,1,ST,HS,FEMALE-ONLY,2023,5,18363,18930
JOSAA,IIIT,NIT WARANGAL,MECHANICAL,7,4,EWS,OS,GENDER-NEUTRAL,2021,5,38240,39834
CSAB,IIIT,NIT SURATHKAL,ELECTRICAL,7,2,EWS,HS,GENDER-NEUTRAL,2023,1,43406,44525
CSAB,IIIT,NIT WARANGAL,ELECTRICAL,5,3,EWS,HS,GENDER-NEUTRAL,2021,5,25775,26776
CSAB,GFTI,NIT TRICHY,COMPUTER SCIENCE,5,4,SC,HS,FEMALE-ONLY,2023,4,25462,26234
CSAB,GFTI,NIT SURATHKAL,COMPUTER SCIENCE,5,4,ST,HS,GENDER-NEUTRAL,2021,4,248,786
JOSAA,NIT,NIT WARANGAL,ELECTRICAL,1,2,ST,OS,FEMALE-ONLY,2023,3,1854,6176
CSAB,NIT,IIIT HYDERABAD,COMPUTER SCIENCE,8,4,SC,AI,FEMALE-ONLY,2023,6,26845,29021
CSAB,GFTI,IIIT HYDERABAD,CIVIL,1,4,EWS,HS,FEMALE-ONLY,2023,5,7478,8022
CSAB,GFTI,NIT SURATHKAL,CIVIL,4,2,OBC-NCL,OS,FEMALE-ONLY,2023,5,46459,47524
JOSAA,GFTI,NIT SURATHKAL,ELECTRICAL,9,2,EWS,OS,FEMALE-ONLY,2023,2,20240,24130
CSAB,IIIT,NIT TRICHY,COMPUTER SCIENCE,9,4,EWS,HS,FEMALE-ONLY,2022,1,9471,10034
JOSAA,IIIT,NIT SURATHKAL,MECHANICAL,5,3,SC,AI,FEMALE-ONLY,2023,6,27099,29397
CSAB,GFTI,NIT TRICHY,CIVIL,4,1,ST,HS,GENDER-NEUTRAL,2022,3,12879,15266
JOSAA,IIIT,NIT TRICHY,ELECTRICAL,3,4,EWS,OS,GENDER-NEUTRAL,2023,6,31175,35040
JOSAA,IIIT,IIIT HYDERABAD,COMPUTER SCIENCE,3,4,ST,AI,FEMALE-ONLY,2022,5,30797,34073
CSAB,NIT,IIIT HYDERABAD,ELECTRICAL,5,3,OPEN,OS,GENDER-NEUTRAL,2022,2,9895,14003
JOSAA,GFTI,NIT WARANGAL,MECHANICAL,1,4,ST,HS,GENDER-NEUTRAL,2021,1,38560,42164
CSAB,GFTI,IIIT HYDERABAD,CIVIL,5,4,OBC-NCL,AI,FEMALE-ONLY,2023,3,4318,5330
CSAB,IIIT,IIIT HYDERABAD,ELECTRICAL,6,1,OBC-NCL,OS,GENDER-NEUTRAL,2021,6,37671,38267
CSAB,GFTI,NIT SURATHKAL,ELECTRICAL,7,1,EWS,OS,FEMALE-ONLY,2021,3,11772,13335
JOSAA,NIT,IIIT HYDERABAD,ELECTRICAL,9,1,ST,OS,GENDER-NEUTRAL,2023,5,31142,35495
JOSAA,NIT,NIT WARANGAL,MECHANICAL,3,2,EWS,HS,FEMALE-ONLY,2021,3,36050,40417
CSAB,NIT,NIT SURATHKAL,ELECTRICAL,2,2,SC,AI,FEMALE-ONLY,2023,2,11109,11702
CSAB,GFTI,NIT WARANGAL,MECHANICAL,3,1,OBC-NCL,HS,GENDER-NEUTRAL,2021,3,47196,48722
JOSAA,GFTI,IIIT HYDERABAD,MECHANICAL,9,1,EWS,HS,GENDER-NEUTRAL,2023,4,19644,21436
CSAB,GFTI,NIT WARANGAL,MECHANICAL,7,2,SC,HS,FEMALE-ONLY,2023,2,29481,31374
CSAB,GFTI,NIT SURATHKAL,CIVIL,9,3,EWS,AI,FEMALE-ONLY,2023,6,25387,28210
CSAB,GFTI,NIT TRICHY,CIVIL,2,4,ST,HS,FEMALE-ONLY,2022,1,2686,3444
JOSAA,NIT,NIT WARANGAL,ELECTRICAL,5,4,ST,HS,GENDER-NEUTRAL,2021,1,2748,7609
JOSAA,IIIT,NIT WARANGAL,ELECTRICAL,4,1,ST,HS,GENDER-NEUTRAL,2022,5,40181,44743
JOSAA,NIT,NIT SURATHKAL,CIVIL,2,3,ST,HS,GENDER-NEUTRAL,2021,5,18201,18850
CSAB,GFTI,NIT SURATHKAL,COMPUTER SCIENCE,9,2,OPEN,OS,GENDER-NEUTRAL,2021,4,45412,46154
CSAB,NIT,NIT WARANGAL,CIVIL,9,1,SC,HS,FEMALE-ONLY,2021,6,21792,26242
CSAB,GFTI,IIIT HYDERABAD,MECHANICAL,6,3,SC,OS,FEMALE-ONLY,2022,1,7507,7814
JOSAA,GFTI,NIT WARANGAL,CIVIL,6,3,ST,HS,FEMALE-ONLY,2021,1,17354,19951
CSAB,NIT,NIT SURATHKAL,MECHANICAL,8,3,OPEN,AI,FEMALE-ONLY,2022,1,15334,19624
CSAB,GFTI,NIT TRICHY,ELECTRICAL,6,2,ST,OS,GENDER-NEUTRAL,2023,1,22311,24294
CSAB,IIIT,NIT TRICHY,COMPUTER SCIENCE,1,2,OPEN,OS,FEMALE-ONLY,2021,3,29580,32566
CSAB,GFTI,IIIT HYDERABAD,ELECTRICAL,4,4,ST,OS,FEMALE-ONLY,2021,6,47880,48457
JOSAA,IIIT,NIT WARANGAL,MECHANICAL,7,4,OBC-NCL,OS,GENDER-NEUTRAL,2023,2,24946,25807
JOSAA,IIIT,NIT TRICHY,MECHANICAL,2,3,OBC-NCL,AI,GENDER-NEUTRAL,2023,2,42603,42892
CSAB,GFTI,NIT WARANGAL,MECHANICAL,9,3,EWS,HS,FEMALE-ONLY,2021,4,46293,47148
JOSAA,NIT,NIT SURATHKAL,COMPUTER SCIENCE,8,2,ST,OS,GENDER-NEUTRAL,2023,3,48566,50112
JOSAA,IIIT,NIT TRICHY,CIVIL,8,4,SC,AI,FEMALE-ONLY,2022,1,15421,17184
CSAB,NIT,IIIT HYDERABAD,ELECTRICAL,7,3,EWS,OS,GENDER-NEUTRAL,2022,1,12746,14681
CSAB,IIIT,NIT SURATHKAL,ELECTRICAL,4,4,OBC-NCL,HS,GENDER-NEUTRAL,2021,5,22217,26545
JOSAA,GFTI,IIIT HYDERABAD,CIVIL,2,4,ST,OS,FEMALE-ONLY,2022,5,4993,9243
CSAB,GFTI,NIT SURATHKAL,ELECTRICAL,3,3,EWS,AI,GENDER-NEUTRAL,2022,4,9576,13736
JOSAA,IIIT,NIT TRICHY,COMPUTER SCIENCE,6,2,ST,HS,FEMALE-ONLY,2021,1,17370,22075
CSAB,GFTI,IIIT HYDERABAD,ELECTRICAL,5,3,OBC-NCL,AI,GENDER-NEUTRAL,2023,4,21802,26667
JOSAA,IIIT,IIIT HYDERABAD,MECHANICAL,8,3,EWS,HS,GENDER-NEUTRAL,2021,3,4482,8194
CSAB,GFTI,NIT SURATHKAL,CIVIL,6,4,OBC-NCL,HS,GENDER-NEUTRAL,2022,2,1885,3674
JOSAA,NIT,IIIT HYDERABAD,COMPUTER SCIENCE,6,3,OPEN,HS,GENDER-NEUTRAL,2021,1,45898,47314
JOSAA,GFTI,NIT SURATHKAL,CIVIL,1,2,OBC-NCL,OS,GENDER-NEUTRAL,2021,6,11835,16764
JOSAA,NIT,NIT SURATHKAL,COMPUTER SCIENCE,4,3,ST,AI,FEMALE-ONLY,2022,3,30277,33563
CSAB,GFTI,NIT SURATHKAL,MECHANICAL,5,2,SC,AI,GENDER-NEUTRAL,2022,1,30812,34932
JOSAA,NIT,NIT SURATHKAL,CIVIL,3,2,OBC-NCL,AI,FEMALE-ONLY,2021,6,16779,21233
JOSAA,GFTI,NIT TRICHY,ELECTRICAL,9,4,SC,HS,GENDER-NEUTRAL,2022,5,43113,44358
CSAB,NIT,NIT SURATHKAL,COMPUTER SCIENCE,1,1,OPEN,OS,FEMALE-ONLY,2022,4,35465,39959
CSAB,IIIT,NIT WARANGAL,CIVIL,6,1,EWS,HS,GENDER-NEUTRAL,2022,5,17164,17824
JOSAA,IIIT,IIIT HYDERABAD,ELECTRICAL,6,4,EWS,AI,FEMALE-ONLY,2022,2,30663,32675
JOSAA,NIT,NIT WARANGAL,CIVIL,5,3,SC,OS,FEMALE-ONLY,2022,5,33192,35156
CSAB,GFTI,NIT TRICHY,CIVIL,5,4,EWS,OS,GENDER-NEUTRAL,2022,1,48028,48424
CSAB,NIT,NIT WARANGAL,CIVIL,5,2,OBC-NCL,OS,GENDER-NEUTRAL,2023,6,26967,29476
CSAB,GFTI,IIIT HYDERABAD,COMPUTER SCIENCE,6,1,SC,AI,GENDER-NEUTRAL,2021,5,45482,48218
CSAB,IIIT,NIT WARANGAL,ELECTRICAL,8,4,ST,OS,FEMALE-ONLY,2022,1,33854,35415
CSAB,GFTI,NIT TRICHY,MECHANICAL,2,3,OBC-NCL,OS,FEMALE-ONLY,2021,2,19602,23994
JOSAA,IIIT,NIT SURATHKAL,COMPUTER SCIENCE,6,4,OBC-NCL,HS,GENDER-NEUTRAL,2023,6,860,3228
CSAB,GFTI,NIT WARANGAL,COMPUTER SCIENCE,1,1,OBC-NCL,HS,GENDER-NEUTRAL,2022,5,24242,25336
JOSAA,GFTI,NIT TRICHY,COMPUTER SCIENCE,4,4,ST,OS,FEMALE-ONLY,2021,4,44753,44860
JOSAA,GFTI,NIT TRICHY,MECHANICAL,3,4,OPEN,OS,FEMALE-ONLY,2022,4,42096,44787
JOSAA,NIT,IIIT HYDERABAD,ELECTRICAL,9,1,EWS,HS,GENDER-NEUTRAL,2022,6,17390,20005
CSAB,NIT,IIIT HYDERABAD,ELECTRICAL,3,2,SC,HS,FEMALE-ONLY,2022,4,5599,10114
JOSAA,IIIT,NIT WARANGAL,ELECTRICAL,6,2,OPEN,HS,GENDER-NEUTRAL,2022,5,464,1981
JOSAA,IIIT,NIT SURATHKAL,CIVIL,1,1,SC,AI,GENDER-NEUTRAL,2022,5,19897,22313
CSAB,NIT,NIT TRICHY,CIVIL,6,4,EWS,AI,GENDER-NEUTRAL,2022,6,40895,44927
JOSAA,IIIT,NIT WARANGAL,CIVIL,4,1,ST,HS,FEMALE-ONLY,2022,5,32635,34022
JOSAA,NIT,NIT TRICHY,MECHANICAL,8,2,OBC-NCL,OS,FEMALE-ONLY,2023,1,46400,49344
CSAB,GFTI,NIT TRICHY,CIVIL,9,3,OBC-NCL,HS,FEMALE-ONLY,2023,2,47276,48494
JOSAA,IIIT,NIT SURATHKAL,MECHANICAL,4,4,ST,AI,FEMALE-ONLY,2022,4,16205,16857
JOSAA,IIIT,NIT SURATHKAL,ELECTRICAL,6,2,OPEN,OS,GENDER-NEUTRAL,2022,1,8039,8799
JOSAA,NIT,NIT WARANGAL,CIVIL,1,4,OPEN,AI,FEMALE-ONLY,2023,6,14036,14851
CSAB,IIIT,NIT SURATHKAL,CIVIL,4,1,SC,OS,GENDER-NEUTRAL,2023,4,42129,45814
CSAB,IIIT,NIT SURATHKAL,COMPUTER SCIENCE,7,3,ST,AI,GENDER-NEUTRAL,2023,1,15963,19824
CSAB,GFTI,NIT WARANGAL,MECHANICAL,1,1,OPEN,OS,GENDER-NEUTRAL,2022,5,12661,15290
JOSAA,IIIT,NIT SURATHKAL,ELECTRICAL,8,3,ST,OS,FEMALE-ONLY,2021,6,10547,14617
JOSAA,GFTI,IIIT HYDERABAD,COMPUTER SCIENCE,6,4,EWS,OS,GENDER-NEUTRAL,2021,6,30724,34231
CSAB,NIT,NIT TRICHY,COMPUTER SCIENCE,5,4,OBC-NCL,OS,GENDER-NEUTRAL,2021,4,47040,48598
JOSAA,IIIT,NIT TRICHY,ELECTRICAL,9,1,OBC-NCL,AI,FEMALE-ONLY,2021,5,44746,48113
JOSAA,GFTI,NIT TRICHY,COMPUTER SCIENCE,2,3,OBC-NCL,AI,GENDER-NEUTRAL,2022,4,12511,13465
CSAB,NIT,NIT TRICHY,MECHANICAL,5,3,ST,OS,FEMALE-ONLY,2021,3,19565,24425
CSAB,IIIT,NIT WARANGAL,MECHANICAL,6,4,ST,OS,FEMALE-ONLY,2023,1,38316,41953
JOSAA,NIT,NIT TRICHY,CIVIL,7,1,SC,AI,FEMALE-ONLY,2023,3,19742,21739
JOSAA,IIIT,NIT TRICHY,COMPUTER SCIENCE,5,3,OBC-NCL,OS,GENDER-NEUTRAL,2021,1,31362,31734
JOSAA,NIT,NIT TRICHY,CIVIL,9,4,SC,OS,FEMALE-ONLY,2023,2,30463,34650
CSAB,NIT,NIT TRICHY,COMPUTER SCIENCE,1,2,OBC-NCL,OS,FEMALE-ONLY,2022,6,2207,3579
CSAB,GFTI,IIIT HYDERABAD,MECHANICAL,7,1,SC,HS,FEMALE-ONLY,2021,4,8028,12502
CSAB,NIT,NIT TRICHY,MECHANICAL,7,2,SC,OS,FEMALE-ONLY,2021,2,48102,52221
CSAB,IIIT,IIIT HYDERABAD,MECHANICAL,4,1,EWS,HS,GENDER-NEUTRAL,2022,2,19417,20332
JOSAA,IIIT,NIT WARANGAL,COMPUTER SCIENCE,9,4,SC,OS,FEMALE-ONLY,2023,6,49178,53649
CSAB,GFTI,NIT SURATHKAL,MECHANICAL,5,3,ST,AI,GENDER-NEUTRAL,2022,6,25117,26139
CSAB,IIIT,NIT TRICHY,COMPUTER SCIENCE,4,3,SC,HS,FEMALE-ONLY,2022,1,13628,18465
CSAB,IIIT,NIT SURATHKAL,CIVIL,7,3,OBC-NCL,HS,GENDER-NEUTRAL,2023,3,13413,18113
CSAB,IIIT,NIT SURATHKAL,COMPUTER SCIENCE,4,1,SC,OS,FEMALE-ONLY,2022,5,1659,6626
CSAB,NIT,NIT WARANGAL,CIVIL,3,4,OPEN,OS,GENDER-NEUTRAL,2023,1,15267,16631
JOSAA,NIT,NIT SURATHKAL,COMPUTER SCIENCE,9,2,OBC-NCL,HS,FEMALE-ONLY,2023,5,15443,19267
JOSAA,IIIT,IIIT HYDERABAD,CIVIL,8,4,OPEN,AI,GENDER-NEUTRAL,2022,2,38698,41585
CSAB,GFTI,NIT SURATHKAL,MECHANICAL,1,2,OBC-NCL,AI,GENDER-NEUTRAL,2023,5,7623,10445
JOSAA,NIT,NIT SURATHKAL,CIVIL,7,1,ST,OS,GENDER-NEUTRAL,2022,3,49877,54200
CSAB,GFTI,NIT SURATHKAL,MECHANICAL,9,1,ST,AI,FEMALE-ONLY,2023,1,28539,31189
CSAB,IIIT,NIT TRICHY,MECHANICAL,8,2,ST,AI,GENDER-NEUTRAL,2021,6,15624,18673
JOSAA,IIIT,NIT TRICHY,CIVIL,8,2,OPEN,OS,GENDER-NEUTRAL,2023,3,13385,15158
JOSAA,NIT,IIIT HYDERABAD,COMPUTER SCIENCE,6,2,EWS,AI,GENDER-NEUTRAL,2023,3,11073,15760
CSAB,IIIT,IIIT HYDERABAD,COMPUTER SCIENCE,4,4,OBC-NCL,OS,GENDER-NEUTRAL,2022,1,22794,25986
CSAB,NIT,NIT TRICHY,ELECTRICAL,8,2,ST,HS,FEMALE-ONLY,2023,6,35874,38812
CSAB,IIIT,IIIT HYDERABAD,COMPUTER SCIENCE,3,1,OBC-NCL,OS,GENDER-NEUTRAL,2021,3,4402,6168
JOSAA,IIIT,NIT TRICHY,ELECTRICAL,9,1,OPEN,HS,GENDER-NEUTRAL,2021,6,22491,27102
CSAB,NIT,NIT WARANGAL,COMPUTER SCIENCE,2,3,EWS,HS,GENDER-NEUTRAL,2023,4,4711,7006
CSAB,NIT,NIT SURATHKAL,COMPUTER SCIENCE,2,2,OPEN,AI,FEMALE-ONLY,2023,4,9472,10956
CSAB,NIT,NIT SURATHKAL,MECHANICAL,7,4,OBC-NCL,AI,GENDER-NEUTRAL,2021,4,24412,28915
JOSAA,IIIT,IIIT HYDERABAD,ELECTRICAL,4,4,EWS,AI,GENDER-NEUTRAL,2022,5,14180,18234
CSAB,IIIT,NIT TRICHY,COMPUTER SCIENCE,8,4,EWS,OS,GENDER-NEUTRAL,2021,3,15182,18181
CSAB,GFTI,NIT TRICHY,ELECTRICAL,9,3,OPEN,AI,GENDER-NEUTRAL,2021,1,47509,47669
JOSAA,NIT,IIIT HYDERABAD,MECHANICAL,7,1,ST,HS,FEMALE-ONLY,2023,1,42961,47008
CSAB,IIIT,NIT TRICHY,MECHANICAL,5,4,OBC-NCL,AI,GENDER-NEUTRAL,2023,5,30777,33167
CSAB,IIIT,NIT WARANGAL,ELECTRICAL,8,1,SC,AI,GENDER-NEUTRAL,2021,1,20974,21546
JOSAA,NIT,NIT SURATHKAL,MECHANICAL,4,3,SC,OS,FEMALE-ONLY,2022,4,8478,9536
CSAB,GFTI,IIIT HYDERABAD,CIVIL,2,2,OPEN,OS,FEMALE-ONLY,2021,3,1697,2329
JOSAA,NIT,IIIT HYDERABAD,CIVIL,6,2,OBC-NCL,HS,FEMALE-ONLY,2021,1,11700,12293
JOSAA,GFTI,NIT TRICHY,MECHANICAL,9,2,OBC-NCL,OS,GENDER-NEUTRAL,2022,1,3847,4028
CSAB,IIIT,IIIT HYDERABAD,CIVIL,1,4,OPEN,AI,FEMALE-ONLY,2021,2,13979,17049
CSAB,GFTI,NIT WARANGAL,COMPUTER SCIENCE,7,2,OBC-NCL,OS,GENDER-NEUTRAL,2021,2,13117,13228
CSAB,IIIT,NIT TRICHY,ELECTRICAL,9,4,ST,HS,FEMALE-ONLY,2023,2,24915,29559
CSAB,NIT,NIT TRICHY,COMPUTER SCIENCE,9,3,OPEN,AI,GENDER-NEUTRAL,2022,3,19064,19925
JOSAA,NIT,NIT TRICHY,ELECTRICAL,3,3,ST,HS,FEMALE-ONLY,2023,4,28912,32197
CSAB,NIT,NIT TRICHY,MECHANICAL,5,4,OBC-NCL,OS,GENDER-NEUTRAL,2023,6,40300,40425
JOSAA,GFTI,NIT WARANGAL,COMPUTER SCIENCE,8,1,OPEN,OS,FEMALE-ONLY,2022,4,24814,26720
CSAB,IIIT,NIT TRICHY,MECHANICAL,8,2,OBC-NCL,HS,GENDER-NEUTRAL,2022,4,18990,23247
CSAB,NIT,IIIT HYDERABAD,MECHANICAL,4,2,OPEN,AI,GENDER-NEUTRAL,2021,3,4825,9249
CSAB,NIT,NIT WARANGAL,ELECTRICAL,1,2,OBC-NCL,OS,GENDER-NEUTRAL,2023,3,43305,48107
JOSAA,IIIT,NIT SURATHKAL,ELECTRICAL,1,4,ST,OS,GENDER-NEUTRAL,2022,2,20784,24543
CSAB,NIT,NIT SURATHKAL,ELECTRICAL,4,3,ST,AI,GENDER-NEUTRAL,2023,1,26425,28050
CSAB,IIIT,IIIT HYDERABAD,COMPUTER SCIENCE,6,2,OBC-NCL,OS,GENDER-NEUTRAL,2023,5,32642,33502
CSAB,IIIT,IIIT HYDERABAD,CIVIL,8,3,OPEN,HS,GENDER-NEUTRAL,2022,5,46137,46831
CSAB,IIIT,NIT WARANGAL,ELECTRICAL,6,2,SC,OS,GENDER-NEUTRAL,2021,6,13192,14347
JOSAA,IIIT,NIT SURATHKAL,ELECTRICAL,9,2,ST,OS,FEMALE-ONLY,2023,1,30482,32436
CSAB,IIIT,NIT SURATHKAL,COMPUTER SCIENCE,9,4,ST,AI,GENDER-NEUTRAL,2022,6,39870,43053
JOSAA,GFTI,NIT SURATHKAL,ELECTRICAL,2,1,SC,HS,GENDER-NEUTRAL,2021,2,25557,29573
JOSAA,NIT,NIT SURATHKAL,COMPUTER SCIENCE,1,4,OBC-NCL,AI,FEMALE-ONLY,2023,6,6231,10006
JOSAA,GFTI,NIT SURATHKAL,MECHANICAL,2,2,OPEN,OS,GENDER-NEUTRAL,2022,1,46129,48277
JOSAA,NIT,NIT TRICHY,ELECTRICAL,5,2,OBC-NCL,OS,FEMALE-ONLY,2023,1,25315,26873
JOSAA,GFTI,IIIT HYDERABAD,ELECTRICAL,4,1,EWS,AI,GENDER-NEUTRAL,2022,5,12712,14031
JOSAA,IIIT,NIT TRICHY,MECHANICAL,4,3,ST,AI,FEMALE-ONLY,2022,2,37405,41733
CSAB,NIT,NIT SURATHKAL,MECHANICAL,9,3,EWS,AI,FEMALE-ONLY,2023,3,13191,17472
JOSAA,NIT,NIT WARANGAL,MECHANICAL,8,2,ST,HS,GENDER-NEUTRAL,2023,6,35203,36802
JOSAA,GFTI,NIT WARANGAL,ELECTRICAL,6,3,ST,OS,FEMALE-ONLY,2022,5,37189,39119
JOSAA,GFTI,NIT SURATHKAL,CIVIL,1,2,EWS,AI,GENDER-NEUTRAL,2021,6,29859,33354
CSAB,NIT,NIT SURATHKAL,CIVIL,2,1,EWS,OS,GENDER-NEUTRAL,2023,6,46122,47425
CSAB,GFTI,NIT WARANGAL,CIVIL,6,1,OBC-NCL,HS,GENDER-NEUTRAL,2022,3,659,5029
JOSAA,GFTI,NIT TRICHY,ELECTRICAL,2,2,EWS,HS,GENDER-NEUTRAL,2022,2,813,3723
CSAB,GFTI,NIT TRICHY,MECHANICAL,5,1,OBC-NCL,HS,FEMALE-ONLY,2021,1,37461,40653
JOSAA,IIIT,NIT SURATHKAL,ELECTRICAL,5,4,OBC-NCL,HS,GENDER-NEUTRAL,2021,4,15284,18428
JOSAA,IIIT,NIT TRICHY,MECHANICAL,6,4,OBC-NCL,OS,FEMALE-ONLY,2021,6,15361,20134
CSAB,GFTI,NIT WARANGAL,ELECTRICAL,6,1,ST,HS,FEMALE-ONLY,2023,4,20472,24086
JOSAA,GFTI,NIT TRICHY,ELECTRICAL,6,2,ST,HS,GENDER-NEUTRAL,2022,2,32240,34138
CSAB,IIIT,NIT SURATHKAL,MECHANICAL,2,2,EWS,AI,GENDER-NEUTRAL,2022,4,33124,35799
CSAB,IIIT,NIT WARANGAL,CIVIL,3,1,ST,HS,GENDER-NEUTRAL,2022,6,47442,47686
JOSAA,NIT,NIT TRICHY,MECHANICAL,6,3,EWS,AI,GENDER-NEUTRAL,2021,3,32644,37601
JOSAA,NIT,IIIT HYDERABAD,COMPUTER SCIENCE,8,4,ST,HS,FEMALE-ONLY,2022,4,137,4163
CSAB,IIIT,NIT WARANGAL,COMPUTER SCIENCE,1,3,OPEN,HS,GENDER-NEUTRAL,2023,2,43132,44609
JOSAA,GFTI,NIT WARANGAL,MECHANICAL,1,2,OPEN,AI,FEMALE-ONLY,2021,2,12797,16043
JOSAA,GFTI,IIIT HYDERABAD,ELECTRICAL,2,2,EWS,HS,GENDER-NEUTRAL,2021,3,41520,43445
JOSAA,GFTI,IIIT HYDERABAD,COMPUTER SCIENCE,6,3,ST,OS,GENDER-NEUTRAL,2021,4,48798,49691
CSAB,GFTI,NIT WARANGAL,COMPUTER SCIENCE,9,1,ST,OS,GENDER-NEUTRAL,2021,4,31807,33508
CSAB,NIT,IIIT HYDERABAD,ELECTRICAL,4,3,OBC-NCL,HS,GENDER-NEUTRAL,2023,1,26116,30630
JOSAA,IIIT,NIT SURATHKAL,ELECTRICAL,3,3,SC,OS,FEMALE-ONLY,2022,5,34700,35910
CSAB,GFTI,NIT SURATHKAL,CIVIL,8,4,EWS,AI,FEMALE-ONLY,2023,2,48385,52538
CSAB,NIT,NIT SURATHKAL,ELECTRICAL,9,4,SC,HS,GENDER-NEUTRAL,2022,1,24084,28977
CSAB,GFTI,NIT WARANGAL,MECHANICAL,5,3,SC,HS,FEMALE-ONLY,2023,2,5267,9304
CSAB,IIIT,IIIT HYDERABAD,MECHANICAL,9,3,EWS,AI,FEMALE-ONLY,2021,1,532,4595
CSAB,NIT,IIIT HYDERABAD,CIVIL,2,2,ST,AI,GENDER-NEUTRAL,2021,5,4251,5133
JOSAA,IIIT,NIT TRICHY,COMPUTER SCIENCE,3,4,EWS,AI,GENDER-NEUTRAL,2023,1,47780,48996
JOSAA,IIIT,NIT TRICHY,COMPUTER SCIENCE,7,4,SC,HS,FEMALE-ONLY,2023,2,6511,8361
JOSAA,NIT,IIIT HYDERABAD,ELECTRICAL,7,2,ST,AI,FEMALE-ONLY,2022,4,30888,33564
CSAB,NIT,IIIT HYDERABAD,MECHANICAL,6,1,OPEN,AI,FEMALE-ONLY,2023,2,26723,30850
CSAB,NIT,IIIT HYDERABAD,COMPUTER SCIENCE,6,4,EWS,OS,FEMALE-ONLY,2023,6,22204,25640
JOSAA,NIT,NIT WARANGAL,CIVIL,2,4,EWS,OS,GENDER-NEUTRAL,2022,3,356,4843
CSAB,NIT,IIIT HYDERABAD,CIVIL,6,1,ST,HS,GENDER-NEUTRAL,2022,3,33539,35126
JOSAA,NIT,NIT TRICHY,MECHANICAL,4,4,OPEN,OS,FEMALE-ONLY,2022,6,33357,37332
JOSAA,NIT,NIT WARANGAL,CIVIL,3,4,OPEN,OS,GENDER-NEUTRAL,2023,3,39757,43488
JOSAA,GFTI,IIIT HYDERABAD,CIVIL,2,1,ST,AI,FEMALE-ONLY,2022,3,44774,49066
CSAB,IIIT,NIT TRICHY,MECHANICAL,1,1,OBC-NCL,AI,FEMALE-ONLY,2021,5,18166,22224
CSAB,NIT,NIT WARANGAL,ELECTRICAL,5,3,EWS,OS,GENDER-NEUTRAL,2021,4,45471,48968
JOSAA,GFTI,IIIT HYDERABAD,ELECTRICAL,2,2,EWS,OS,FEMALE-ONLY,2021,4,32846,33019
JOSAA,GFTI,IIIT HYDERABAD,CIVIL,2,2,SC,OS,FEMALE-ONLY,2023,2,2560,4019
JOSAA,GFTI,IIIT HYDERABAD,ELECTRICAL,7,1,ST,HS,GENDER-NEUTRAL,2021,6,37397,38588
JOSAA,IIIT,NIT WARANGAL,ELECTRICAL,8,1,SC,HS,GENDER-NEUTRAL,2023,1,34843,39796
CSAB,NIT,NIT TRICHY,CIVIL,8,4,SC,HS,FEMALE-ONLY,2023,2,3316,5357
CSAB,GFTI,NIT TRICHY,ELECTRICAL,4,3,OPEN,OS,FEMALE-ONLY,2021,2,14367,17615
JOSAA,IIIT,NIT SURATHKAL,CIVIL,1,3,EWS,OS,GENDER-NEUTRAL,2022,2,9681,14084
JOSAA,IIIT,IIIT HYDERABAD,COMPUTER SCIENCE,7,1,SC,HS,FEMALE-ONLY,2023,2,4615,5959
CSAB,IIIT,NIT SURATHKAL,MECHANICAL,1,4,OPEN,HS,FEMALE-ONLY,2021,4,22176,23561
CSAB,GFTI,NIT SURATHKAL,MECHANICAL,4,4,ST,OS,GENDER-NEUTRAL,2023,1,44916,49521
JOSAA,NIT,NIT TRICHY,ELECTRICAL,8,2,SC,AI,GENDER-NEUTRAL,2022,2,9876,13012
JOSAA,GFTI,NIT WARANGAL,ELECTRICAL,2,2,EWS,HS,GENDER-NEUTRAL,2022,4,22047,22917
JOSAA,GFTI,NIT WARANGAL,ELECTRICAL,6,4,SC,OS,GENDER-NEUTRAL,2021,2,3063,5006
CSAB,NIT,NIT TRICHY,MECHANICAL,6,2,ST,OS,GENDER-NEUTRAL,2023,3,6886,7059
CSAB,NIT,NIT WARANGAL,COMPUTER SCIENCE,9,1,SC,AI,GENDER-NEUTRAL,2023,2,13966,15726
CSAB,NIT,NIT SURATHKAL,COMPUTER SCIENCE,5,4,EWS,OS,FEMALE-ONLY,2023,6,39068,43517
JOSAA,IIIT,IIIT HYDERABAD,MECHANICAL,4,2,OPEN,OS,FEMALE-ONLY,2023,6,32405,33324
JOSAA,NIT,NIT TRICHY,COMPUTER SCIENCE,5,3,EWS,HS,GENDER-NEUTRAL,2021,2,17460,21378
CSAB,GFTI,IIIT HYDERABAD,MECHANICAL,5,4,OPEN,HS,GENDER-NEUTRAL,2022,5,40213,40644
CSAB,NIT,NIT WARANGAL,COMPUTER SCIENCE,8,4,OBC-NCL,AI,FEMALE-ONLY,2021,3,32913,34434
JOSAA,GFTI,IIIT HYDERABAD,CIVIL,8,3,EWS,AI,FEMALE-ONLY,2023,1,1293,5048
CSAB,IIIT,NIT WARANGAL,CIVIL,2,1,EWS,OS,FEMALE-ONLY,2023,2,4612,6403
CSAB,GFTI,NIT WARANGAL,MECHANICAL,7,3,ST,HS,GENDER-NEUTRAL,2022,1,22766,27416
JOSAA,GFTI,NIT SURATHKAL,COMPUTER SCIENCE,8,4,SC,AI,GENDER-NEUTRAL,2023,3,16730,21238
CSAB,NIT,NIT WARANGAL,ELECTRICAL,6,1,OPEN,AI,FEMALE-ONLY,2021,2,9083,9410
JOSAA,NIT,NIT SURATHKAL,COMPUTER SCIENCE,5,2,OPEN,AI,GENDER-NEUTRAL,2021,5,736,3717
JOSAA,GFTI,NIT SURATHKAL,CIVIL,9,2,ST,OS,GENDER-NEUTRAL,2022,4,3875,6840
JOSAA,NIT,NIT SURATHKAL,CIVIL,3,2,ST,HS,GENDER-NEUTRAL,2021,5,2521,5196
JOSAA,IIIT,NIT TRICHY,COMPUTER SCIENCE,4,4,SC,AI,FEMALE-ONLY,2021,5,13125,17747
JOSAA,IIIT,NIT TRICHY,COMPUTER SCIENCE,9,3,SC,HS,FEMALE-ONLY,2021,4,9380,9944
JOSAA,NIT,NIT WARANGAL,ELECTRICAL,6,1,EWS,AI,GENDER-NEUTRAL,2021,4,37051,37428
JOSAA,IIIT,NIT SURATHKAL,ELECTRICAL,8,2,OBC-NCL,AI,GENDER-NEUTRAL,2023,6,11451,15665
CSAB,NIT,NIT TRICHY,COMPUTER SCIENCE,7,1,SC,HS,GENDER-NEUTRAL,2021,4,49964,50129
JOSAA,GFTI,NIT SURATHKAL,COMPUTER SCIENCE,2,4,ST,HS,GENDER-NEUTRAL,2022,2,38191,42553
JOSAA,GFTI,IIIT HYDERABAD,COMPUTER SCIENCE,3,2,SC,HS,GENDER-NEUTRAL,2022,1,45756,46258
CSAB,IIIT,IIIT HYDERABAD,COMPUTER SCIENCE,1,4,OPEN,OS,FEMALE-ONLY,2021,6,30271,34354
CSAB,NIT,IIIT HYDERABAD,MECHANICAL,9,3,OBC-NCL,AI,GENDER-NEUTRAL,2022,6,3744,8348
CSAB,NIT,NIT WARANGAL,COMPUTER SCIENCE,7,4,EWS,OS,GENDER-NEUTRAL,2021,1,16242,19820
JOSAA,IIIT,NIT SURATHKAL,ELECTRICAL,1,4,OPEN,HS,GENDER-NEUTRAL,2022,6,7873,11417
CSAB,GFTI,IIIT HYDERABAD,CIVIL,3,3,OPEN,AI,FEMALE-ONLY,2022,4,28566,33358
JOSAA,IIIT,NIT TRICHY,MECHANICAL,4,1,OBC-NCL,OS,FEMALE-ONLY,2021,5,10878,15397
JOSAA,GFTI,IIIT HYDERABAD,COMPUTER SCIENCE,4,3,EWS,AI,GENDER-NEUTRAL,2021,3,12601,15740
JOSAA,NIT,IIIT HYDERABAD,CIVIL,5,3,ST,OS,FEMALE-ONLY,2023,4,47277,48814
JOSAA,GFTI,IIIT HYDERABAD,MECHANICAL,3,4,EWS,HS,FEMALE-ONLY,2021,5,2208,2736
CSAB,IIIT,NIT WARANGAL,CIVIL,3,1,SC,OS,FEMALE-ONLY,2021,5,29469,32251
CSAB,NIT,NIT TRICHY,COMPUTER SCIENCE,1,2,OPEN,AI,FEMALE-ONLY,2023,6,36482,39359
JOSAA,IIIT,NIT SURATHKAL,COMPUTER SCIENCE,7,3,SC,AI,FEMALE-ONLY,2021,2,25918,29396
JOSAA,IIIT,NIT TRICHY,ELECTRICAL,1,1,ST,AI,FEMALE-ONLY,2021,2,10351,10843
JOSAA,GFTI,NIT SURATHKAL,COMPUTER SCIENCE,2,3,SC,AI,GENDER-NEUTRAL,2023,6,23441,28082
CSAB,IIIT,NIT WARANGAL,COMPUTER SCIENCE,4,3,EWS,HS,FEMALE-ONLY,2021,6,11778,12219
JOSAA,GFTI,NIT WARANGAL,MECHANICAL,4,3,SC,OS,FEMALE-ONLY,2021,1,14467,14699
JOSAA,NIT,NIT WARANGAL,ELECTRICAL,5,3,ST,HS,GENDER-NEUTRAL,2023,1,29772,30136
CSAB,GFTI,NIT WARANGAL,MECHANICAL,2,4,ST,HS,GENDER-NEUTRAL,2023,3,4432,8720
CSAB,NIT,NIT SURATHKAL,CIVIL,4,1,ST,HS,GENDER-NEUTRAL,2022,3,12102,13887
JOSAA,GFTI,IIIT HYDERABAD,COMPUTER SCIENCE,1,1,EWS,AI,GENDER-NEUTRAL,2021,3,20384,21918
CSAB,IIIT,NIT SURATHKAL,CIVIL,2,1,ST,AI,FEMALE-ONLY,2022,3,15800,17560
CSAB,GFTI,NIT TRICHY,MECHANICAL,1,3,OPEN,AI,FEMALE-ONLY,2022,5,13869,17786
JOSAA,GFTI,NIT WARANGAL,COMPUTER SCIENCE,4,4,ST,OS,FEMALE-ONLY,2023,5,29418,31872
CSAB,NIT,NIT WARANGAL,COMPUTER SCIENCE,4,3,SC,AI,FEMALE-ONLY,2021,1,24423,24788
JOSAA,IIIT,NIT TRICHY,MECHANICAL,7,3,SC,OS,GENDER-NEUTRAL,2021,2,27710,32551
CSAB,GFTI,NIT SURATHKAL,MECHANICAL,9,1,SC,AI,FEMALE-ONLY,2023,6,7063,8299
JOSAA,IIIT,IIIT HYDERABAD,MECHANICAL,9,3,EWS,AI,FEMALE-ONLY,2022,2,7938,12587
JOSAA,GFTI,IIIT HYDERABAD,MECHANICAL,5,2,SC,HS,GENDER-NEUTRAL,2023,4,45267,46757
JOSAA,GFTI,NIT TRICHY,MECHANICAL,1,3,EWS,HS,FEMALE-ONLY,2021,5,12343,13555
CSAB,IIIT,IIIT HYDERABAD,COMPUTER SCIENCE,1,2,EWS,HS,FEMALE-ONLY,2023,3,28039,30373
JOSAA,GFTI,NIT SURATHKAL,MECHANICAL,6,3,ST,OS,FEMALE-ONLY,2021,3,1945,4911
CSAB,IIIT,NIT SURATHKAL,COMPUTER SCIENCE,2,4,OPEN,OS,FEMALE-ONLY,2022,4,46810,49978
JOSAA,GFTI,NIT TRICHY,COMPUTER SCIENCE,8,4,ST,AI,GENDER-NEUTRAL,2021,2,16866,19145
JOSAA,NIT,NIT SURATHKAL,MECHANICAL,9,1,ST,OS,GENDER-NEUTRAL,2022,3,36980,37714
CSAB,IIIT,NIT WARANGAL,MECHANICAL,4,3,EWS,AI,GENDER-NEUTRAL,2022,2,12880,16611
JOSAA,GFTI,NIT TRICHY,ELECTRICAL,5,2,EWS,OS,GENDER-NEUTRAL,2021,6,48558,50057
JOSAA,GFTI,NIT SURATHKAL,COMPUTER SCIENCE,8,2,SC,OS,GENDER-NEUTRAL,2021,4,42956,47842
CSAB,NIT,NIT TRICHY,MECHANICAL,3,3,SC,OS,FEMALE-ONLY,2022,2,1609,4448
JOSAA,IIIT,IIIT HYDERABAD,MECHANICAL,5,2,ST,HS,FEMALE-ONLY,2023,6,24057,27327
JOSAA,GFTI,NIT SURATHKAL,MECHANICAL,3,4,OBC-NCL,OS,GENDER-NEUTRAL,2021,2,45272,47237
JOSAA,NIT,NIT WARANGAL,ELECTRICAL,3,2,OBC-NCL,HS,GENDER-NEUTRAL,2022,2,34446,36501
JOSAA,GFTI,NIT SURATHKAL,ELECTRICAL,3,1,SC,HS,GENDER-NEUTRAL,2022,3,17363,22140
CSAB,IIIT,NIT TRICHY,CIVIL,7,4,OBC-NCL,OS,FEMALE-ONLY,2023,1,46974,49292
CSAB,GFTI,NIT TRICHY,COMPUTER SCIENCE,7,4,SC,AI,GENDER-NEUTRAL,2021,5,26248,27737
JOSAA,GFTI,NIT SURATHKAL,CIVIL,7,4,EWS,AI,FEMALE-ONLY,2022,2,31633,36612
CSAB,GFTI,NIT WARANGAL,MECHANICAL,8,3,ST,AI,FEMALE-ONLY,2023,2,42708,45938
JOSAA,GFTI,NIT WARANGAL,ELECTRICAL,5,3,OPEN,OS,FEMALE-ONLY,2022,2,13031,17407
CSAB,NIT,NIT WARANGAL,ELECTRICAL,5,4,ST,AI,FEMALE-ONLY,2021,1,1459,5673
JOSAA,NIT,NIT TRICHY,CIVIL,4,3,SC,HS,GENDER-NEUTRAL,2023,6,24632,25981
JOSAA,IIIT,NIT SURATHKAL,ELECTRICAL,7,2,SC,AI,FEMALE-ONLY,2022,4,20444,23710
JOSAA,NIT,IIIT HYDERABAD,MECHANICAL,4,3,ST,OS,FEMALE-ONLY,2023,3,4342,5687
JOSAA,NIT,NIT TRICHY,ELECTRICAL,2,3,SC,AI,GENDER-NEUTRAL,2021,1,20701,20854
JOSAA,IIIT,NIT WARANGAL,CIVIL,4,4,OBC-NCL,HS,FEMALE-ONLY,2023,6,49332,52342
JOSAA,NIT,NIT SURATHKAL,MECHANICAL,8,1,OBC-NCL,OS,FEMALE-ONLY,2021,2,19216,21712
CSAB,NIT,NIT WARANGAL,CIVIL,9,1,SC,AI,FEMALE-ONLY,2022,6,35577,36119
JOSAA,IIIT,IIIT HYDERABAD,ELECTRICAL,3,1,SC,OS,GENDER-NEUTRAL,2021,1,30882,35657
CSAB,IIIT,NIT WARANGAL,CIVIL,7,2,OBC-NCL,OS,FEMALE-ONLY,2022,1,45659,49370
JOSAA,IIIT,NIT WARANGAL,CIVIL,9,3,SC,OS,FEMALE-ONLY,2022,1,49919,54396
CSAB,GFTI,IIIT HYDERABAD,COMPUTER SCIENCE,4,1,SC,AI,GENDER-NEUTRAL,2021,4,18980,21487
CSAB,GFTI,NIT SURATHKAL,ELECTRICAL,3,4,ST,OS,GENDER-NEUTRAL,2022,5,3599,4521
CSAB,IIIT,NIT TRICHY,ELECTRICAL,5,1,OPEN,AI,FEMALE-ONLY,2023,3,31687,35489
JOSAA,IIIT,NIT SURATHKAL,CIVIL,1,1,OBC-NCL,HS,FEMALE-ONLY,2022,4,44558,47597
JOSAA,IIIT,IIIT HYDERABAD,COMPUTER SCIENCE,3,3,ST,AI,GENDER-NEUTRAL,2021,4,26120,30956
CSAB,GFTI,NIT WARANGAL,ELECTRICAL,8,3,OPEN,HS,FEMALE-ONLY,2023,5,8180,9311
JOSAA,GFTI,NIT SURATHKAL,MECHANICAL,8,3,SC,AI,GENDER-NEUTRAL,2023,4,23307,25423
CSAB,NIT,NIT TRICHY,CIVIL,4,2,SC,OS,FEMALE-ONLY,2022,1,34057,34719
JOSAA,NIT,IIIT HYDERABAD,ELECTRICAL,2,2,ST,AI,GENDER-NEUTRAL,2022,1,14008,16646
CSAB,IIIT,NIT SURATHKAL,MECHANICAL,8,1,SC,OS,FEMALE-ONLY,2021,6,30752,31192
CSAB,GFTI,NIT TRICHY,ELECTRICAL,8,3,EWS,HS,GENDER-NEUTRAL,2023,2,30444,35111
JOSAA,GFTI,IIIT HYDERABAD,MECHANICAL,4,1,ST,AI,GENDER-NEUTRAL,2021,4,25134,29009
CSAB,GFTI,NIT TRICHY,CIVIL,3,4,OPEN,OS,GENDER-NEUTRAL,2022,2,25888,28284
JOSAA,IIIT,IIIT HYDERABAD,ELECTRICAL,2,4,ST,HS,GENDER-NEUTRAL,2023,3,12851,13185
CSAB,NIT,NIT WARANGAL,ELECTRICAL,9,3,OBC-NCL,HS,GENDER-NEUTRAL,2021,1,47582,48798
CSAB,IIIT,NIT SURATHKAL,COMPUTER SCIENCE,1,3,ST,AI,FEMALE-ONLY,2021,6,33893,35901
JOSAA,NIT,NIT TRICHY,CIVIL,7,4,SC,HS,FEMALE-ONLY,2021,3,32939,34456
JOSAA,NIT,IIIT HYDERABAD,MECHANICAL,5,3,SC,OS,GENDER-NEUTRAL,2021,6,38414,39805
JOSAA,IIIT,NIT TRICHY,ELECTRICAL,8,2,EWS,HS,FEMALE-ONLY,2021,5,35553,39141
CSAB,NIT,NIT TRICHY,ELECTRICAL,4,2,EWS,HS,FEMALE-ONLY,2023,1,9485,14312
JOSAA,NIT,NIT SURATHKAL,MECHANICAL,7,3,EWS,OS,FEMALE-ONLY,2021,3,18332,22086
CSAB,GFTI,NIT WARANGAL,CIVIL,5,4,OPEN,HS,FEMALE-ONLY,2023,5,43444,44072
CSAB,NIT,NIT TRICHY,COMPUTER SCIENCE,5,1,EWS,HS,FEMALE-ONLY,2021,3,34890,38314
JOSAA,IIIT,IIIT HYDERABAD,COMPUTER SCIENCE,9,3,OPEN,HS,FEMALE-ONLY,2022,6,15931,18011
JOSAA,IIIT,IIIT HYDERABAD,ELECTRICAL,9,3,EWS,HS,GENDER-NEUTRAL,2022,5,20225,23264
CSAB,NIT,NIT WARANGAL,MECHANICAL,9,1,OPEN,OS,FEMALE-ONLY,2021,5,45808,47237
CSAB,GFTI,IIIT HYDERABAD,ELECTRICAL,6,3,ST,HS,FEMALE-ONLY,2022,1,17782,19115
JOSAA,GFTI,NIT WARANGAL,MECHANICAL,6,1,ST,OS,FEMALE-ONLY,2023,2,36970,38823
JOSAA,NIT,IIIT HYDERABAD,COMPUTER SCIENCE,5,4,SC,HS,GENDER-NEUTRAL,2021,6,17388,20288
JOSAA,NIT,NIT SURATHKAL,CIVIL,9,2,OPEN,HS,FEMALE-ONLY,2023,6,35894,38927
JOSAA,IIIT,NIT TRICHY,MECHANICAL,8,4,OBC-NCL,HS,FEMALE-ONLY,2021,5,39577,42436
JOSAA,NIT,NIT SURATHKAL,COMPUTER SCIENCE,7,2,SC,HS,FEMALE-ONLY,2022,5,24505,27380
CSAB,GFTI,NIT TRICHY,ELECTRICAL,7,1,ST,OS,GENDER-NEUTRAL,2023,1,38837,42424
CSAB,NIT,NIT TRICHY,MECHANICAL,6,2,OPEN,OS,FEMALE-ONLY,2022,2,2720,6670
CSAB,IIIT,NIT TRICHY,CIVIL,5,4,EWS,OS,GENDER-NEUTRAL,2022,6,35514,38141
CSAB,IIIT,NIT SURATHKAL,ELECTRICAL,4,2,OBC-NCL,AI,FEMALE-ONLY,2021,4,37733,38723
JOSAA,IIIT,NIT TRICHY,ELECTRICAL,3,1,ST,HS,GENDER-NEUTRAL,2023,4,35157,37322
JOSAA,IIIT,NIT SURATHKAL,COMPUTER SCIENCE,3,2,SC,HS,GENDER-NEUTRAL,2022,2,40238,41526
JOSAA,IIIT,NIT WARANGAL,MECHANICAL,6,3,OPEN,OS,GENDER-NEUTRAL,2021,3,13954,18351
CSAB,NIT,IIIT HYDERABAD,ELECTRICAL,4,4,OBC-NCL,AI,FEMALE-ONLY,2021,1,9777,10617
CSAB,NIT,IIIT HYDERABAD,CIVIL,6,3,OPEN,HS,GENDER-NEUTRAL,2021,2,44211,45680
JOSAA,NIT,NIT TRICHY,MECHANICAL,3,1,EWS,OS,GENDER-NEUTRAL,2022,4,24174,25663
JOSAA,NIT,NIT SURATHKAL,CIVIL,4,2,SC,HS,GENDER-NEUTRAL,2021,5,17924,20024
CSAB,IIIT,IIIT HYDERABAD,ELECTRICAL,9,3,OPEN,HS,GENDER-NEUTRAL,2023,4,865,2436
CSAB,GFTI,NIT SURATHKAL,CIVIL,5,3,ST,OS,FEMALE-ONLY,2023,5,45539,47175
JOSAA,NIT,NIT SURATHKAL,COMPUTER SCIENCE,7,2,SC,OS,FEMALE-ONLY,2022,1,31715,32133
JOSAA,GFTI,NIT TRICHY,CIVIL,2,2,ST,HS,FEMALE-ONLY,2023,5,49026,51390
CSAB,NIT,IIIT HYDERABAD,MECHANICAL,5,4,OPEN,HS,FEMALE-ONLY,2021,2,36960,38954
JOSAA,NIT,NIT TRICHY,CIVIL,9,3,SC,OS,GENDER-NEUTRAL,2022,5,13075,16886
JOSAA,GFTI,NIT TRICHY,CIVIL,3,3,ST,HS,FEMALE-ONLY,2021,3,9441,14360
JOSAA,IIIT,IIIT HYDERABAD,COMPUTER SCIENCE,9,1,EWS,HS,GENDER-NEUTRAL,2022,2,28241,31163
CSAB,NIT,IIIT HYDERABAD,CIVIL,6,4,EWS,OS,FEMALE-ONLY,2022,1,12434,17042
CSAB,NIT,NIT WARANGAL,CIVIL,4,1,OPEN,HS,FEMALE-ONLY,2021,2,48945,50320
CSAB,NIT,NIT WARANGAL,ELECTRICAL,7,3,SC,HS,FEMALE-ONLY,2023,3,15935,19118
CSAB,GFTI,NIT SURATHKAL,ELECTRICAL,8,1,OBC-NCL,AI,GENDER-NEUTRAL,2023,1,26648,27148
CSAB,IIIT,IIIT HYDERABAD,MECHANICAL,6,3,SC,OS,FEMALE-ONLY,2022,4,35534,36357
CSAB,GFTI,NIT WARANGAL,ELECTRICAL,5,3,EWS,AI,FEMALE-ONLY,2021,3,25139,27568
CSAB,GFTI,NIT SURATHKAL,ELECTRICAL,6,1,ST,AI,FEMALE-ONLY,2021,1,32630,33865
JOSAA,IIIT,NIT SURATHKAL,ELECTRICAL,5,1,OBC-NCL,AI,GENDER-NEUTRAL,2022,5,38836,41706
JOSAA,GFTI,NIT SURATHKAL,ELECTRICAL,8,2,OPEN,HS,FEMALE-ONLY,2023,2,40509,45455
JOSAA,IIIT,NIT WARANGAL,COMPUTER SCIENCE,1,2,OBC-NCL,HS,FEMALE-ONLY,2021,1,18665,19032
JOSAA,NIT,IIIT HYDERABAD,ELECTRICAL,7,2,OPEN,AI,GENDER-NEUTRAL,2023,2,9934,10603
JOSAA,IIIT,NIT TRICHY,COMPUTER SCIENCE,2,3,OBC-NCL,AI,GENDER-NEUTRAL,2023,5,36756,39412
JOSAA,NIT,NIT SURATHKAL,COMPUTER SCIENCE,9,1,OPEN,AI,FEMALE-ONLY,2022,1,940,3013
JOSAA,GFTI,NIT WARANGAL,ELECTRICAL,1,4,OPEN,HS,FEMALE-ONLY,2022,4,13973,14618
CSAB,GFTI,NIT WARANGAL,CIVIL,6,3,OBC-NCL,AI,FEMALE-ONLY,2023,3,31668,34590
CSAB,NIT,NIT TRICHY,COMPUTER SCIENCE,9,4,OBC-NCL,AI,GENDER-NEUTRAL,2021,1,10946,15506
JOSAA,GFTI,NIT TRICHY,CIVIL,1,1,OPEN,OS,GENDER-NEUTRAL,2021,5,5999,10741
JOSAA,IIIT,NIT WARANGAL,CIVIL,4,3,EWS,OS,GENDER-NEUTRAL,2022,1,20602,20972
CSAB,NIT,IIIT HYDERABAD,ELECTRICAL,4,4,OBC-NCL,HS,FEMALE-ONLY,2023,2,665,1503
JOSAA,GFTI,NIT TRICHY,MECHANICAL,9,4,SC,OS,GENDER-NEUTRAL,2021,6,38873,40230
JOSAA,NIT,NIT WARANGAL,ELECTRICAL,5,2,ST,OS,FEMALE-ONLY,2021,1,42024,42182
CSAB,IIIT,NIT TRICHY,MECHANICAL,5,2,OPEN,OS,GENDER-NEUTRAL,2022,4,43342,47623
JOSAA,IIIT,IIIT HYDERABAD,MECHANICAL,6,2,OPEN,HS,GENDER-NEUTRAL,2023,1,9287,14245
CSAB,GFTI,NIT SURATHKAL,ELECTRICAL,1,3,ST,OS,GENDER-NEUTRAL,2021,3,7326,7815
JOSAA,IIIT,NIT TRICHY,ELECTRICAL,1,1,EWS,HS,FEMALE-ONLY,2022,1,42247,43065
CSAB,NIT,IIIT HYDERABAD,MECHANICAL,9,1,ST,AI,FEMALE-ONLY,2021,6,38758,43102
CSAB,IIIT,NIT WARANGAL,ELECTRICAL,3,2,OBC-NCL,OS,FEMALE-ONLY,2021,2,45981,50759
CSAB,NIT,NIT TRICHY,MECHANICAL,4,2,ST,HS,FEMALE-ONLY,2021,1,4411,4631
JOSAA,NIT,NIT TRICHY,CIVIL,1,2,OPEN,OS,GENDER-NEUTRAL,2022,4,44314,47066
CSAB,IIIT,NIT WARANGAL,ELECTRICAL,9,4,ST,AI,FEMALE-ONLY,2023,5,41716,44119
JOSAA,GFTI,NIT SURATHKAL,CIVIL,8,2,SC,HS,GENDER-NEUTRAL,2022,1,25789,30750
JOSAA,IIIT,NIT WARANGAL,COMPUTER SCIENCE,2,4,OBC-NCL,HS,FEMALE-ONLY,2023,1,6183,9194
JOSAA,NIT,NIT TRICHY,CIVIL,8,1,ST,HS,FEMALE-ONLY,2021,3,12698,13597
JOSAA,NIT,NIT WARANGAL,CIVIL,7,3,OPEN,AI,GENDER-NEUTRAL,2023,4,17040,20520
CSAB,IIIT,IIIT HYDERABAD,MECHANICAL,6,3,OBC-NCL,AI,GENDER-NEUTRAL,2021,6,26980,29186
CSAB,GFTI,NIT WARANGAL,CIVIL,1,3,OPEN,AI,FEMALE-ONLY,2021,5,2680,3889
JOSAA,GFTI,NIT TRICHY,ELECTRICAL,7,3,EWS,HS,FEMALE-ONLY,2022,2,46712,48062
JOSAA,NIT,NIT WARANGAL,MECHANICAL,7,4,SC,AI,GENDER-NEUTRAL,2021,1,42421,45161
CSAB,NIT,NIT SURATHKAL,COMPUTER SCIENCE,9,4,EWS,OS,GENDER-NEUTRAL,2022,6,9486,11235
JOSAA,GFTI,NIT WARANGAL,ELECTRICAL,1,2,SC,AI,GENDER-NEUTRAL,2023,5,19622,21067
CSAB,IIIT,NIT SURATHKAL,COMPUTER SCIENCE,2,4,ST,HS,GENDER-NEUTRAL,2023,2,26324,29380
JOSAA,NIT,IIIT HYDERABAD,CIVIL,9,2,OBC-NCL,OS,GENDER-NEUTRAL,2021,6,14735,17281
JOSAA,NIT,NIT SURATHKAL,ELECTRICAL,9,2,ST,AI,FEMALE-ONLY,2022,4,771,4235
CSAB,GFTI,NIT WARANGAL,ELECTRICAL,6,3,SC,OS,FEMALE-ONLY,2021,4,33645,34229
JOSAA,IIIT,NIT TRICHY,COMPUTER SCIENCE,6,4,SC,OS,FEMALE-ONLY,2022,5,26955,27857
CSAB,GFTI,NIT SURATHKAL,ELECTRICAL,4,4,SC,HS,FEMALE-ONLY,2022,2,35890,37705
JOSAA,IIIT,IIIT HYDERABAD,ELECTRICAL,4,2,OPEN,OS,GENDER-NEUTRAL,2022,4,46685,48700
JOSAA,IIIT,NIT SURATHKAL,ELECTRICAL,5,2,OBC-NCL,OS,GENDER-NEUTRAL,2023,5,14360,17943
JOSAA,IIIT,NIT SURATHKAL,CIVIL,3,1,ST,HS,GENDER-NEUTRAL,2022,4,1174,3031
CSAB,NIT,NIT SURATHKAL,COMPUTER SCIENCE,1,1,ST,HS,FEMALE-ONLY,2023,4,42776,44685
JOSAA,GFTI,IIIT HYDERABAD,ELECTRICAL,1,2,EWS,HS,GENDER-NEUTRAL,2022,6,9575,12682
JOSAA,GFTI,NIT WARANGAL,MECHANICAL,7,1,SC,OS,GENDER-NEUTRAL,2023,6,12978,16303
JOSAA,IIIT,NIT SURATHKAL,MECHANICAL,1,1,SC,OS,FEMALE-ONLY,2023,4,15220,18815
JOSAA,NIT,NIT SURATHKAL,MECHANICAL,1,2,SC,OS,FEMALE-ONLY,2023,3,23247,25667
CSAB,NIT,NIT TRICHY,MECHANICAL,3,2,ST,HS,FEMALE-ONLY,2021,6,2086,3856
CSAB,GFTI,IIIT HYDERABAD,CIVIL,4,4,EWS,AI,GENDER-NEUTRAL,2022,2,43693,48408
JOSAA,NIT,NIT SURATHKAL,ELECTRICAL,4,2,OPEN,OS,GENDER-NEUTRAL,2021,5,32530,33781
CSAB,NIT,IIIT HYDERABAD,COMPUTER SCIENCE,2,2,OBC-NCL,AI,FEMALE-ONLY,2022,5,42061,46908
JOSAA,IIIT,NIT SURATHKAL,ELECTRICAL,1,3,OPEN,HS,FEMALE-ONLY,2022,2,17530,19853
JOSAA,NIT,NIT WARANGAL,CIVIL,3,4,ST,OS,GENDER-NEUTRAL,2021,2,2276,5043
JOSAA,IIIT,NIT WARANGAL,MECHANICAL,4,4,SC,AI,FEMALE-ONLY,2023,2,18822,19132
CSAB,GFTI,NIT SURATHKAL,CIVIL,3,4,OBC-NCL,OS,GENDER-NEUTRAL,2022,2,42915,45509
CSAB,NIT,NIT WARANGAL,ELECTRICAL,8,3,ST,OS,FEMALE-ONLY,2023,1,49752,54533
CSAB,GFTI,NIT SURATHKAL,COMPUTER SCIENCE,1,2,ST,OS,FEMALE-ONLY,2021,5,18717,23079
CSAB,GFTI,NIT WARANGAL,CIVIL,2,4,ST,AI,FEMALE-ONLY,2023,1,27215,29822
CSAB,NIT,NIT TRICHY,COMPUTER SCIENCE,7,4,OBC-NCL,HS,GENDER-NEUTRAL,2022,4,37476,40539
CSAB,NIT,NIT TRICHY,CIVIL,4,1,OBC-NCL,OS,GENDER-NEUTRAL,2022,4,12006,15534
CSAB,GFTI,NIT TRICHY,COMPUTER SCIENCE,8,4,EWS,HS,FEMALE-ONLY,2022,5,40102,43577
CSAB,NIT,IIIT HYDERABAD,COMPUTER SCIENCE,3,2,EWS,HS,GENDER-NEUTRAL,2021,4,6710,10765
CSAB,IIIT,IIIT HYDERABAD,MECHANICAL,6,2,OPEN,AI,FEMALE-ONLY,2022,2,43392,47197
JOSAA,IIIT,NIT TRICHY,COMPUTER SCIENCE,9,1,OBC-NCL,AI,FEMALE-ONLY,2021,1,49852,53357
CSAB,NIT,IIIT HYDERABAD,MECHANICAL,1,4,OBC-NCL,HS,GENDER-NEUTRAL,2023,2,13511,17649
CSAB,GFTI,NIT WARANGAL,ELECTRICAL,1,4,OBC-NCL,OS,GENDER-NEUTRAL,2022,4,9280,10432
CSAB,NIT,NIT SURATHKAL,ELECTRICAL,8,4,EWS,AI,GENDER-NEUTRAL,2022,6,48093,48906
CSAB,NIT,NIT SURATHKAL,MECHANICAL,3,3,ST,OS,GENDER-NEUTRAL,2022,1,10173,13161
CSAB,GFTI,NIT SURATHKAL,MECHANICAL,5,4,SC,OS,FEMALE-ONLY,2023,2,37351,38138
CSAB,GFTI,NIT TRICHY,CIVIL,1,2,EWS,OS,GENDER-NEUTRAL,2022,5,31060,31489
CSAB,IIIT,IIIT HYDERABAD,CIVIL,5,2,OBC-NCL,HS,GENDER-NEUTRAL,2021,2,6001,7847
CSAB,GFTI,NIT WARANGAL,CIVIL,6,3,EWS,OS,FEMALE-ONLY,2023,6,38997,40304
CSAB,IIIT,NIT WARANGAL,ELECTRICAL,8,3,OPEN,HS,FEMALE-ONLY,2023,4,43283,45525
CSAB,GFTI,NIT TRICHY,CIVIL,3,4,OBC-NCL,HS,FEMALE-ONLY,2023,1,4582,5466
CSAB,NIT,NIT WARANGAL,COMPUTER SCIENCE,3,1,OPEN,OS,FEMALE-ONLY,2023,5,42554,45350
JOSAA,IIIT,NIT WARANGAL,COMPUTER SCIENCE,9,3,OBC-NCL,OS,GENDER-NEUTRAL,2023,1,25528,29448
JOSAA,IIIT,NIT WARANGAL,CIVIL,4,3,EWS,OS,GENDER-NEUTRAL,2021,5,7500,11318
CSAB,IIIT,NIT WARANGAL,COMPUTER SCIENCE,4,4,ST,OS,FEMALE-ONLY,2023,1,39674,42467
CSAB,NIT,IIIT HYDERABAD,ELECTRICAL,7,4,SC,HS,FEMALE-ONLY,2022,4,43384,44109
JOSAA,NIT,NIT WARANGAL,COMPUTER SCIENCE,2,3,OPEN,OS,GENDER-NEUTRAL,2023,5,7496,11830
